HUEVOS AA X UN;250,00;285.0000;220,00
PANELA REGIONAL;800,00;10.0000;0,00
PANELA VALLUNA;1300,00;27.0000;0,00
CALDO X 1 UN;250,00;597.0000;0,00
REF TUTTIFRUTTI/HIT;900,00;25.0000;0,00
GASEOSA LITRON POSTOBON X 1400 ML;1800,00;71.0000;0,00
CHOCOLATINA HERSHEY'S X 43 GR;2000,00;0.0000;1680,00
CHOC.M&M PLAIN PQÑO;2000,00;1.0000;1366,00
CHOC.M&M PEANUT PÑO;2000,00;0.0000;1366,00
CHOC.M&M TUBES;1800,00;0.0000;1500,00
KIT KAT X 45 GR;2250,00;2.0000;1890,00
CHICLETS ORBIT X 5.6 GR X 4 UN;500,00;0.0000;0,00
CHICLES ORBIT X 4 UN X 5.6 GR ;500,00;0.0000;0,00
MAQUINA SCHICK EXACTA X 1 UN;1500,00;2.0000;0,00
CHOCOLATINA JET x 12 GR;300,00;29.0000;208,00
MAQ AFEITAR MINORA II X 1 UN;1200,00;1.0000;0,00
BESO DE NEGRA PORC. IND.;1000,00;11.0000;0,00
GASEOS SPRITE X 350 ML;1000,00;4.0000;0,00
CHOCOLATINA JET  LECHE Y CALCIO X 12 GR ;400,00;29.0000;0,00
GASEO FANTA NARANJ X 250 ML;800,00;11.0000;670,00
GASEOSA QUATRO NO RET X 250 ML;800,00;6.0000;670,00
SH JOHNSONS BABY SUAV PARA EL CABELL 10ML;500,00;7.0000;0,00
SH JOHNSONS BABY CABELL CLARO 10ML;500,00;10.0000;0,00
TIC TAC NARANJA X 16 GR;1000,00;0.0000;0,00
DULCE DE CHOCOLATE KINDER JOY X 20 GR;2700,00;3.0000;2273,00
TIC TAC CHERRY PASSION X 16 GR;1000,00;7.0000;0,00
KINDER BUENO X 21,5 GR;2850,00;1.0000;0,00
GILLETE CLEAR GEL 113G;15200,00;1.0000;0,00
REXONA MEN 150ML;9500,00;2.0000;0,00
OLD SPICE 152ML;13000,00;2.0000;0,00
IMPULSE SWEET SMILE;13100,00;1.0000;0,00
IMPULSE VERY PINK;13100,00;1.0000;0,00
AQUA NET 312G;9800,00;2.0000;0,00
DREMA SAUNA 500G;9500,00;2.0000;0,00
ACEITE PARA NIÑOS DROMATIC ;11300,00;4.0000;0,00
ROCIO DE ORO 150ML;6800,00;3.0000;0,00
RASCAENCIAS YELLOW;3350,00;4.0000;0,00
BESUAN KIT PARA DECORACION;4200,00;2.0000;0,00
NEKO GRANULOS;5250,00;1.0000;0,00
OFERTA PONDS REJUVEMES 100G + 50G;33100,00;1.0000;0,00
CEMA DEPILADORA ROSTRO DROMATIC;7800,00;1.0000;0,00
ALOE VERA Y VITAMINA R;16000,00;1.0000;0,00
GEL LIMP DROMATIC;5400,00;1.0000;0,00
ACEITE ZANAHORIA Y CANELA 250ML;7000,00;3.0000;0,00
ACEITE NARANJA 500ML;9000,00;2.0000;0,00
ACEITE NARANJA 250ML;7000,00;0.0000;0,00
DROMATIC ACLARADOR 150ML;7100,00;2.0000;0,00
BROCHITA X RUBOR X6;2000,00;4.0000;0,00
ESPEJO PÑO;2000,00;3.0000;0,00
ESPEJO ;2000,00;1.0000;0,00
ESPATULA ENKOR;3000,00;2.0000;0,00
GORRO PLASTICO;2000,00;2.0000;0,00
GORRO PLASTICO;2000,00;0.0000;0,00
CORTACALLOS;2900,00;1.0000;0,00
POMOS JGB;3300,00;2.0000;2754,00
REMOVEDOR PROTEC;4600,00;4.0000;0,00
REMOVEDOR 1000ML PROTEC;14000,00;1.0000;0,00
REMOVEDOR CALLOS;2100,00;1.0000;0,00
ENJUAGUE BUCAL LISTERINE COOL MINT X 180 ML;6400,00;0.0000;5313,00
SMART ORAL MINT ICE;2500,00;2.0000;0,00
NOSOTRAS DIARIOS DOBLES 50 LLEVE 100;9200,00;2.0000;0,00
MICROPORE COLOR PIEL 24X 2.75 3M;4600,00;5.0000;0,00
KIT HIGIENE ORAL ;6600,00;1.0000;0,00
MICROPORE 12M * 2.75;2400,00;1.0000;0,00
MICROPORE 3M ;2400,00;5.0000;0,00
PROQUIDENT CREMA DENTAL 75 ML;5650,00;1.0000;0,00
PORTACEPILLOS X 4;3050,00;1.0000;0,00
CEPILLO DE DIENTES COLGATE X 22 ML;2300,00;8.0000;0,00
PALETTE 6-60 CHOCOLATE ORO ;6500,00;2.0000;5356,00
PALETTE 4-90  2 TUBOS VIOOETA ROJIZO;12000,00;1.0000;0,00
PALETTE 10-1 RUBIO PLATA CENIZO;12000,00;4.0000;0,00
PALETTE RUBIO MEDIO CENIZO;6500,00;2.0000;5356,00
PALETTE RUBIO CLARO CENIZO 8-1;6500,00;3.0000;5356,00
PALETTE 6-88 RUBI ;6500,00;1.0000;5356,00
PALETTE RUBIO OSCURO 6-0 ;6500,00;3.0000;5356,00
PALETTE RUBIO EXTRA CLARO CENIZO 9-1;6500,00;2.0000;5356,00
PALETTE GINGER 7-65;6500,00;2.0000;5356,00
PALETTE 7-0 RUBIO MEDIO;6500,00;3.0000;5356,00
PALETTE 8-0 RUBIO CLARO;6500,00;4.0000;5356,00
PALETTE 6-68 CHOCOLATE CLARO;6500,00;1.0000;5356,00
PALETTE 4-89 BORGOÑA INTENSO ;6500,00;5.0000;5356,00
PALETTE 3-65 CAFE MOCA OSCURO;6500,00;5358.0000;0,00
TINTURA CABELLO PALETTE CASTAÑO 5-0 100ML;6500,00;3.0000;5356,00
TINTURA PALETTE 4-88 CASTAÑO ROJIZO X 100ML;6500,00;0.0000;5356,00
PALETTE 5-68 CHOCOLATE ;6500,00;0.0000;5356,00
TINTURA CABELLO PALETTE 1-0 NEGRO 100ML ;6500,00;5.0000;5356,00
HENNA HINDU RAJASTHAN 80G;4500,00;1.0000;0,00
PALETTE 321 RUBIO MEDIO;12000,00;1.0000;0,00
IGORA TINTE  7-1 ;7800,00;2.0000;0,00
IGORA TINTE A10 10-2;7800,00;0.0000;0,00
IGORA  TINTURA 6-88;7800,00;1.0000;0,00
TINTURA IGORA 5-89;7800,00;2.0000;0,00
IGORA ROYAL 5-889;7800,00;3.0000;0,00
THYMS COLOR;7000,00;1.0000;0,00
TINTE IGORA 5-0;7800,00;1.0000;0,00
MQGICOLOR 7-3;7400,00;2.0000;0,00
TINTE VIVAZ CREMA;8700,00;1.0000;0,00
DUVI CLASS VISION COLOR TINTE;8500,00;21.0000;0,00
RAINBOW COLOR DUVY CLASS;7800,00;2.0000;0,00
TINTE DUVY CLASS ;8000,00;3.0000;0,00
TINTE DUVY CLASS 60ML;8000,00;2.0000;0,00
TINTE DUVY CLASS 60ML;8000,00;3.0000;0,00
GEL EGO BLUE 250ML;7600,00;1.0000;0,00
TTO COLOR BEIGE 30G;3000,00;10.0000;0,00
SANDS CAPILL;2300,00;1.0000;0,00
TONO A TONO ;3000,00;1.0000;0,00
TTO CAPILAR BEIGE PERLA 30G;2000,00;5.0000;0,00
TTO MAINTENANCE CENIZO 30G;3000,00;0.0000;0,00
TTO NEGRO;2000,00;2.0000;0,00
TTO PROKPIL MAINTENACE 30G;3000,00;1.0000;0,00
MASCARILLA CAPILAR LA ORIGINAL 30ML;2500,00;4.0000;0,00
KHOLER REPQRADOR CABELLO 18 ML;1200,00;17.0000;0,00
DROMATIC CREMA DESENREDANTE 12 ML;1000,00;19.0000;0,00
REGENERADOR CAPILAR;2300,00;4.0000;0,00
LEHIT EMBRIONES DE PATO;1500,00;17.0000;0,00
SILICONA BACHUE QCEITE ARGAN;1700,00;6.0000;0,00
SILCONA DUVYCLASS;1500,00;2.0000;0,00
TTO NASANT;2000,00;3.0000;0,00
HIDROMIX CON ALOE ;800,00;10.0000;0,00
MASCARIILA CAPILAR ;800,00;24.0000;0,00
SHAMPOO TRIPLE A;800,00;22.0000;0,00
KERATINA SOBRE ;800,00;1.0000;0,00
AMINOACIDOS SOBRE;800,00;13.0000;0,00
LAXIOS GLICOL;1500,00;10.0000;0,00
TALCO NIÑOS DROMATIC 100G;3700,00;2.0000;0,00
DROMATIC DESOD PIES SPRAY;6300,00;6.0000;0,00
MENTICOL DES PIES 260ML;13100,00;1.0000;10882,00
TALCO PERFUMADO ;11800,00;3.0000;0,00
REMOVEDOR MASGLO 985 ML ;20000,00;1.0000;0,00
CONDON MYSTIC JGB LUBRICADO;1500,00;1.0000;1216,00
CONDON MYSTIC JGB HOT SENSATION;1200,00;0.0000;1216,00
CONDON MYSTIC JGB PUNTO G X 1UN;1500,00;1.0000;1216,00
CONDON MYSTIC JGB ULTRA SENSIBLE X 1 UN;1500,00;1.0000;1216,00
CONDON MYSTIC JGB EXTREMO;1500,00;1.0000;1216,00
LUPA PÑA POINTER;1500,00;0.0000;0,00
CHOCOLATE ADRO ESTUCHE SORPRESA X 10 GR;800,00;2.0000;0,00
KINDER CHOCOLATE 100G;4300,00;0.0000;0,00
HERSHEYS 184G COKKIES CREME ;9000,00;0.0000;7440,00
CHOCOLATINA CASH X 16 GR;400,00;9.0000;0,00
GRANOLA SPORT 23G;800,00;2.0000;665,00
CREMA LIMPIADORA MULTIUSOS FROTEX X 500 GR;10500,00;1.0000;0,00
VANISH PODER O 500ML REMOVEDOR MANCHAS LIQUIDO;11700,00;1.0000;0,00
BAYGON ESPIRALES X 12 ;27000,00;1.0000;0,00
JB PURO BARRA X 450 GR ;1950,00;0.0000;0,00
DETERGENTE FAB BARRA X 235 GR ;1500,00;0.0000;0,00
PITILLOS DOMINGO X 500;3650,00;2.0000;0,00
CARAMELOS MIST DUROS SB SURT X 350 GR;3200,00;1.0000;0,00
PITILLOS EMPACADOS DOMINGO X 200;3550,00;0.0000;2952,00
VELADORA EL TREBOL N 10;4100,00;6.0000;0,00
VELADORA EL TREBOL N 12;4200,00;3.0000;0,00
VELADORA EL TREBOL N 6;2900,00;10.0000;0,00
VELADORA EL TREBOL N 8;3100,00;15.0000;0,00
VELADORA EL TREBOL N 3;1600,00;8.0000;0,00
VELADORA EL TREBOL N 4;2100,00;7.0000;0,00
BOLSAS DE ALUMINIO 100UN;2600,00;2.0000;0,00
MAYODULCE FRUCO 400G;6800,00;1.0000;0,00
MAYO MOSTAZA FRUCO;6800,00;1.0000;0,00
SALSA TARTARA FRUCO X 200 GR;3600,00;1.0000;0,00
FRIJOL ROJO ABURRA X 510GR;2600,00;1.0000;0,00
CEREAL ANILOOS FRUTADOS 180G;3100,00;1.0000;2577,00
VELADORA EL TREBOL;7100,00;5.0000;0,00
VELADORA EL TREBOL N16;5600,00;4.0000;0,00
PANDEQUESO EL ORIGNAL ;1000,00;3.0000;0,00
croisant quesos y quesos 190g;2400,00;2.0000;2000,00
SHAMPOO JOHNSONS BABY FRAG. PROLONGADA X 10 ML;500,00;6.0000;0,00
BUTIFARRA 250G MONTEFRIO;2800,00;2.0000;2412,00
PARMESANO ALPINA 250G;14500,00;0.0000;11833,00
PIAZZA MINIBARQUILLOS;400,00;3.0000;0,00
CHOC. MUUU.. LECHE MANI X 11 GR;300,00;17.0000;0,00
BAGRE EN TROZOS 1000G;8700,00;3.0000;8000,00
DROMATIC SHAMPOO 450ML;6500,00;1.0000;0,00
DROMATIC SHAMPOO 1000ML;11200,00;3.0000;0,00
DROMATIC ZERO SAL 1000ML;16500,00;1.0000;0,00
SHAMPOO EMBRION DE PATO ANDREA;10400,00;1.0000;0,00
SHAMPOO CLEAR MEN 200ML;8700,00;0.0000;7252,00
SHAMPOO ANT WOMEN 200ML;8400,00;1.0000;0,00
SHAMPOO + ACOND 350ML  SEDAL RIZOS OBEDIENTES;15000,00;1.0000;0,00
SHAMPOO + ACONDICIONADOR DOVE;21000,00;1.0000;0,00
JABON PARA BEBE 354 ML;8000,00;1.0000;0,00
SALOONIN SHAMPOO COLOR 300ML;13200,00;1.0000;0,00
SALOONIN HYDRA REPARA 300ML;13200,00;1.0000;0,00
DROMATIC SHAMPOO ZERO SAL 125ML;3600,00;1.0000;0,00
CHAMPU HENNA 300ML NATURALEZA Y VIDA;11000,00;2.0000;0,00
ROJO TTO COLOR MAINTENACE 300ML;14000,00;1.0000;0,00
SHAMPOO PARA NIÑOS KHOLER 420ML;8100,00;1.0000;0,00
LISSIA SHAMPOO CON KERATINA Y SIL NATURAL 580ML;10500,00;1.0000;0,00
MAINTENACE TTO COLOR NEGRO 300ML;14000,00;1.0000;0,00
DROMATIC SHAMPOO ZERO SAL 250ML;6000,00;2.0000;0,00
SHAMPOO TIO NACHO 415 ML;15800,00;1.0000;0,00
TTO EMBRION DE PATO 300G ANDREA;8500,00;1.0000;0,00
TTO CAPILAR EMBRION DE PATO ANDREA 600G;13500,00;1.0000;0,00
GL ANTIBACTERIAL ;1000,00;6.0000;0,00
GEL ANTIBACTERIAL 240ML;7100,00;1.0000;0,00
JABON LIQUIDO MARVIN 490ML;5100,00;2.0000;0,00
EL ANTIBACTERIAL JAINETTE;3000,00;4.0000;0,00
GOM CREMA DE MANOS 100ML;1500,00;5.0000;0,00
APPEARANCE CAFE CREMA MANOS Y CUERPO 720ML;6000,00;1.0000;0,00
CREMA PARA MANOS 1000ML MARVIN;9500,00;4.0000;0,00
CREMA HUMECTANTE LOTUS 240ML;3800,00;1.0000;0,00
CREMA MANOS Y CUERPO BONNIE BABA CARACOL 240ML;8000,00;2.0000;0,00
DROMATIC CREMA MANOS 130 ML ;5400,00;4.0000;0,00
JABON LIQ DETTOL 220ML;7000,00;1.0000;0,00
COLONIA NIÑOS 120ML;10200,00;2.0000;0,00
COLONIA NIÑOS DROMATIC 60ML;5000,00;3.0000;0,00
CALADERM CLEAR 120G ;5700,00;1.0000;0,00
BODY LOTION ALOE VERA 1000ML;9000,00;10.0000;0,00
SYOSS OLEO INTENSIVO 150ML;5000,00;1.0000;0,00
SILICONA REGENERATHOR CX 140ML;23000,00;1.0000;0,00
CERA CAPILAR WAX SHINE ;9000,00;1.0000;0,00
ELVIVE TTO RESPLANDESCENTE 350G;12500,00;1.0000;0,00
MYE SHAMPOO + TTO TONOSOBRE TONO AZUL PLATA;10000,00;1.0000;0,00
TTO EMBRION DE PATO 250ML;6200,00;2.0000;0,00
KOHLER REP CABELLOS 50ML;4700,00;2.0000;0,00
KROLL 740G GEL;15500,00;2.0000;0,00
NOAD-45 250ML;22000,00;1.0000;0,00
LAXIOS GLICOL TTO CAPILAR;19200,00;5.0000;0,00
LUBRIDERM 200ML;11100,00;1.0000;0,00
CERA WAX SHINE ANDREA 180ML;9000,00;1.0000;0,00
SEDAL TTO NOCTURNO 150ML;5500,00;1.0000;0,00
DROMATIC POLIMERO CABELLO 130ML;9850,00;5.0000;0,00
DUO MATIZANTE TONO SOBRE TONO ;10000,00;1.0000;0,00
LAXIOS ACRILATO 400ML;24000,00;2.0000;0,00
LAXIOS 60ML;5400,00;1.0000;0,00
ANTIFRIZZ LOOK ;6000,00;2.0000;0,00
TTO CAPILAR PROTEINA;12000,00;2.0000;0,00
LAXIOS 170ML ACRILATO;12000,00;1.0000;0,00
LAXIOS ACRILATO 100ML;7100,00;1.0000;0,00
DROMATIC POLIMERO 240ML;17400,00;3.0000;0,00
DUVYCLASS TTO;7500,00;1.0000;0,00
LUBRIDERM 200ML REP INTENSIVA;9600,00;2.0000;0,00
DROMATIC SILICONA 50ML;8200,00;2.0000;0,00
LAXIOS ACRILATO 200ML;13000,00;1.0000;0,00
MR TE 200ML;500,00;44.0000;0,00
CREM. DEN. COLGATE NEUTRAZUCAR X 45 ML;2000,00;6.0000;0,00
GASEOSA PREMIO X 178 ML;550,00;3.0000;0,00
CHAP STICK  KIDS FRUITPUCH;6450,00;1.0000;0,00
filete de merluza;4600,00;2.0000;3800,00
chorizo con ternera * 250 de colanta;4300,00;3.0000;3772,00
CHOCOLISTO ED. ESPECIAL FRESA DISNEY X 200 GR;2950,00;0.0000;2552,00
pandequeso;2800,00;3.0000;2300,00
DOWNY LIQUIDO PERFUME 80 ML;500,00;9.0000;0,00
SUAVIZANTE DOWNY FUSION DURAZNO X 800 ML;4600,00;5.0000;0,00
SHAMPOO JOHNSON BABY X 750 ML;14000,00;0.0000;0,00
ACEITE LA SEVILLANA X 3000 ML;11100,00;0.0000;0,00
VINAGRE DE FRUTAS LA COLONIA X 500 ML ;1000,00;1.0000;0,00
SUAVIZANTE AROMATEL ULTRA X 150ML;700,00;10.0000;584,00
 JAMONETA CON VERDURAS ZENU X 180 GR ;3800,00;2.0000;0,00
PALETA CHOC MELOS CHOCOLATE X 19GR;500,00;4.0000;400,00
NECTAR FRUTTO PERA X 200 ML;1350,00;3.0000;1111,00
NECTAR FRUTTO MANZANA X 237 ML;1350,00;1.0000;1111,00
SHAMPOO SAVITAL AGUACATE SAVILA X 550ML;8800,00;1.0000;0,00
TUTTI FRUTI 250ML;900,00;25.0000;0,00
PASTILLA CHOCOLATE;350,00;105.0000;226,00
GALLETAS MORENITAS X 19 GR;500,00;5.0000;0,00
queso mozarela  250;2200,00;3.0000;1850,00
 quueso mozarela 400 ;4200,00;4.0000;3850,00
ACEITE DE OLIVA BORGES X 125ML;4400,00;1.0000;0,00
BARRA JABON CRITALINO EXTRACTO DE FRUTOS ROJOS X 125 GR ;1450,00;4.0000;0,00
CREMA EXFOLIANTE SPA AVENA 1000ML;9500,00;3.0000;0,00
DESOSORANTE AXE EXCITE X 90 ML;4200,00;4.0000;3380,00
tt borgoñq;2000,00;5.0000;0,00
tinte duvy class negro intenso;8500,00;2.0000;0,00
CAJA DE BOMBONES MONTBLANC X 7 UNI X 97G;9200,00;0.0000;0,00
MONTBLANC BOMBONES 12 UNIDADES;14000,00;3.0000;0,00
infusion herbal goodnniht;5800,00;0.0000;4840,00
procapil cenizo;3000,00;1.0000;0,00
SUAVIZANTE AROMATEL MANZANA VERDE X 150 ML;700,00;3.0000;584,00
AGUARDIENTE ANTIOQUEÑO C/A EXTRA CONTENIDO X 260 ML;7500,00;0.0000;7233,00
igora bonde pol pack;5800,00;1.0000;0,00
salchicha de pollomahumada x 500;4100,00;0.0000;3527,00
milkyway;2000,00;0.0000;1366,00
chocolatina TWIX;2000,00;0.0000;0,00
alicte  merey;7000,00;4.0000;0,00
JUGO FRUTTO MANGO X 200ML;1350,00;1.0000;1111,00
pirulito;2000,00;3.0000;0,00
yogur slight;800,00;1.0000;663,00
PAPAS FRITAS PIZZA PEPPERONI MAXX  SUPER ONDULADAS X 42 GR;1400,00;6.0000;0,00
CERVEZA SIN ALCOHOL AGUILA CERO LATA X 330 ML;2000,00;12.0000;0,00
NUTRILISS;1500,00;23.0000;1000,00
keratina recamier;2600,00;17.0000;0,00
ALPINITO ALPINA MELOCOTON X 45 GR;700,00;0.0000;595,00
ALPINITO ALPINA MORA X 45GR;700,00;0.0000;595,00
ALPINITO ALPINA FRESA X 45 GR;700,00;0.0000;595,00
copitos;2200,00;4.0000;0,00
OFERTA CHOCOLATE CRUZ X 2 UN X 250 GR C/U GRATIS QUESERA;9150,00;2.0000;0,00
SPAGHUETTI DORIA CHORIZO X 250 GR;1600,00;1.0000;0,00
PAPAS MAXX SUPER ONDULADAS HAMBURGUESA X 42 GR;1400,00;2.0000;0,00
marheje;9500,00;2.0000;0,00
soflanxm1900ml;8700,00;1.0000;0,00
MANI SALADO MANI MOTO X 30 GR;500,00;1.0000;0,00
cucharas grandes tuc;2950,00;1.0000;0,00
ambientador brizze talco fresco;7400,00;0.0000;0,00
AMBIENTADOR BRIZZE MANZANA VERDE X 360 ML;7400,00;1.0000;0,00
SUAVIZANTE AROMATEL X 205 ML;1000,00;0.0000;0,00
SUAVIZANTE AROMATEL MANZANA VERDE X 205 ML;1000,00;0.0000;0,00
guantes latex;2800,00;0.0000;0,00
SUAVIZANTE AROMATEL X 115 ML;500,00;4.0000;416,00
SUAVIZANTE AROMATEL MANZANA VERDE X 115 ML;500,00;0.0000;0,00
bolsas de aluminio;2800,00;2.0000;0,00
OFERTA CHOCOLISTO X 2 UN X 200 GR GRATIS MEZCLA VASO X 1 UN;5900,00;0.0000;0,00
SUAVIZANTE SUAVITEL ANOCHECER X 40 ML ;250,00;12.0000;0,00
pandequeso casero;2900,00;2.0000;2500,00
basa trozos x500;5400,00;2.0000;4500,00
tilapia sesa;2800,00;4.0000;2300,00
basa en rodajas;6000,00;4.0000;5000,00
hilo dental do cera x 50m;8250,00;1.0000;0,00
barra spor mani pasas x23 g;800,00;3.0000;665,00
barra sport avena x 23g;800,00;3.0000;665,00
multiesponja;3750,00;2.0000;3100,00
coca lasaña No1;200,00;25.0000;0,00
coca lasaña No 2;300,00;20.0000;0,00
coca lasañaNo 3;400,00;26.0000;0,00
CERVEZA CLUB COLOMBIA DORADA;18000,00;1.0000;0,00
ofert rinse+shampoo x 375 ml;15350,00;1.0000;0,00
dulces de 100;100,00;470.0000;68,00
dulces de 200;200,00;139.0000;140,00
DROMATIC CARBOMERO X125ML;10700,00;2.0000;0,00
DROMATIC CARBOMERO X 60ML;4700,00;3.0000;0,00
PROTECTOR SOLAR CONNVITAMINA E ;11750,00;2.0000;0,00
dulces 150;150,00;26.0000;110,00
PAPEL HIGIENICO SCOTT MAXIROLLO X 1 UN;1700,00;13.0000;1334,00
candela;800,00;4.0000;0,00
CHORIZO ARRIERO X 500GR;7400,00;3.0000;0,00
QUESO PARA ASAR X500GR;9150,00;0.0000;0,00
esponja malla todo;500,00;7.0000;390,00
carbomero dromatic x 20 ml;1400,00;6.0000;0,00
salchichon zenu x 225 grm;3000,00;2.0000;2510,00
sedadenal;6500,00;4.0000;0,00
cepillo estuche;1700,00;1.0000;0,00
perfilador;800,00;20.0000;0,00
limpiador de juntas;9900,00;1.0000;8217,00
bloque pulidor enkor;1300,00;6.0000;0,00
barra jabon piropo extracto degranada;1100,00;1.0000;0,00
LECHE ALQUERIA ALQUELITRO LARGA VIDA X 1000 ML;2000,00;1.0000;1842,00
JUGO HIT CON GAS MORA X 500 ML ;1500,00;0.0000;0,00
JUGO HIT CON GAS NARANJA X 500 ML ;1500,00;2.0000;0,00
JUGO HIT CON GAS UVA FRESA X 500 ML ;1500,00;0.0000;0,00
minigala;400,00;6.0000;0,00
dulces 250;250,00;9.0000;208,00
nucita barquillo;400,00;5.0000;375,00
TINTURA CAPILAR PALETTE 1-1 NEGRO AZUL X 100 ML;6500,00;3.0000;5356,00
CHUSQUITAS UNIDAD;250,00;11.0000;0,00
sonsoneña delgadas x 5 uni;900,00;1.0000;800,00
 KUMIS ALPINA 150GR;1300,00;3.0000;1025,00
SLIGHT MELOCOTON;800,00;4.0000;663,00
SLIGHT MORA;800,00;7.0000;663,00
kotex noturna;3500,00;6.0000;0,00
SALCHICHA LONG ZENU 1100GR;11250,00;1.0000;0,00
LIMPIA VIBRANTE X 1800ML;5300,00;3.0000;4400,00
LIMPIA PISO REFRESCANTE X 1800 ML;5300,00;2.0000;4400,00
ALPINITO FRESA 90GR;1200,00;0.0000;1020,00
MONTBLANC MAD;3000,00;5.0000;2168,00
CHOCOLATE CON SABOR ALMENDRAS;9100,00;2.0000;7527,00
CHOCOLATE RELLENO CON SABOR A LULO;2800,00;1.0000;2274,00
CHOCOLATE CON SABOR A MORA;3100,00;0.0000;2509,00
ROLETO PASION FELIZ DIA;1500,00;6.0000;1175,00
ACRILICO CORAZON;3750,00;1.0000;2602,00
ACRILICO CORAZON ;7200,00;0.0000;6000,00
ACRILICO PANDA;5800,00;1.0000;4370,00
ACRILICO PANDA;9000,00;2.0000;7500,00
JUGUETE GALLINA;3100,00;0.0000;2520,00
DISPENSADOR;2900,00;0.0000;2400,00
JUGUETE CARRO;3100,00;0.0000;2520,00
ACRILICO PANDA;5800,00;1.0000;4800,00
ACRILICO PANDA;10400,00;2.0000;8640,00
JUGUETE VENTILADOR;4600,00;0.0000;3840,00
JUGUETE VENTILADOR;4600,00;0.0000;3840,00
JUGUETE VENTILADOR;4600,00;0.0000;3840,00
REMOVEDOR EN PAÑOS;2800,00;10.0000;0,00
DEPILADOR;1500,00;5.0000;0,00
MERHEJE;7000,00;1.0000;0,00
MINI LASER;50000,00;1.0000;40000,00
ESPEJO;2500,00;1.0000;0,00
ALICATE;4800,00;1.0000;0,00
PESTAÑAS;3000,00;0.0000;0,00
PEGA PARA PESTAÑAS;3000,00;5.0000;0,00
ENCRESPADOR ;3300,00;0.0000;0,00
ESPUMA POMO;1500,00;3.0000;0,00
BROCHE DE TINTURA;700,00;5.0000;0,00
REMOVEDOR PROTECT;8100,00;2.0000;0,00
REMOVEDOR DE CALLOS;4700,00;1.0000;0,00
PASABOCAS DE LIMON;200,00;3.0000;0,00
ARROZ BLANCO CARIBE SELECTO 5000GR;19200,00;1.0000;18200,00
refresco en polvo tang limon ;5700,00;1.0000;4750,00
DEPPIILADOR EN PINZA;1500,00;2.0000;0,00
CORTAUÑAS GRANDE;2000,00;19.0000;0,00
BARBERA SENCILLA;2000,00;1.0000;0,00
BARBERA PROFESIONAL;4200,00;1.0000;0,00
CORTAUÑAS PEQUEÑO;1000,00;15.0000;0,00
BOBBY PINS;1100,00;11.0000;0,00
ESTUCHE DE MAQUILLAJE;500,00;1.0000;0,00
ESMERIL;1000,00;3.0000;0,00
APLICADOR DE SOMBRAS;200,00;3.0000;0,00
LIMAS LIZMAR;200,00;166.0000;0,00
LIMAS GALILEOS;500,00;3.0000;0,00
LIMAS MASGLO;600,00;10.0000;0,00
LIMA METALICA;1000,00;3.0000;0,00
CORTACUTICULA;800,00;27.0000;0,00
TUBOS RULOS;8000,00;1.0000;0,00
PEINES GRANDES;1000,00;3.0000;0,00
PEINE DOBLE;500,00;1.0000;0,00
PEINE MANGO METALICO;1400,00;4.0000;0,00
PEINE MANGO PLASTICO;1000,00;3.0000;0,00
MACARELA ALAMAR LOMITOS X170GR;3000,00;10.0000;2480,00
PEINE SENCILLO;200,00;0.0000;0,00
PEINE BEBE SENCILLO;400,00;12.0000;0,00
PEINE BEBE CON MANGO;500,00;14.0000;0,00
CHOCOLATE CAJITA;5000,00;5.0000;4000,00
CHOCOLATE CORAZON;3500,00;5.0000;2900,00
FIGURAS CHOCOLATE;1000,00;12.0000;750,00
SEPARADORES;700,00;7.0000;0,00
LIJAS DE AGUA;1000,00;9.0000;0,00
PALITOS DE NARANJO;1000,00;13.0000;0,00
POMO ESPUMA X3;1500,00;3.0000;0,00
SSEPARADORES SENCILLOS DESECHABLES;300,00;4.0000;0,00
ESPUMA PARA POLVO X4;2000,00;3.0000;0,00
LIMAS QUITAESTRIAS;1000,00;9.0000;0,00
PUNZONES DECORADORES DE UÑAS;1000,00;8.0000;0,00
CEPILLOS PARA UÑAS;1000,00;5.0000;0,00
PULSERA REPELENTE;2800,00;6.0000;0,00
PIEDRAS POMEX;1000,00;31.0000;0,00
RECIPIENTE PARA MANICURE;2000,00;2.0000;0,00
REMOVEDOR VENUX;8400,00;1.0000;0,00
BLOQUE PULIDOR;3800,00;1.0000;0,00
SHAMPOO TIO NACHO ANTI EDAD;15800,00;1.0000;0,00
TIO NACHO ACLARANTE;15800,00;1.0000;0,00
TRATAMIENTO CAPILAR NAISSANT;14500,00;4.0000;0,00
SHAMPOO KONZIL ;9300,00;1.0000;0,00
SHAMPOO HENNA ;10500,00;2.0000;0,00
ALPINTO MAX;1200,00;2.0000;0,00
TRATAMIENTO CAPILAR REPOLIZADOR ;9500,00;1.0000;0,00
SHAVING POWERDE;8500,00;2.0000;0,00
SHAAVING POWERDE;8500,00;2.0000;0,00
BLOQUEADOR SOLAR 45;10000,00;2.0000;0,00
BLOQUEADOR SOLAR 60;12000,00;2.0000;0,00
ACEITE BRONCEADOR;18700,00;1.0000;0,00
BLOQUEADOR 60;20000,00;1.0000;0,00
SUNDOWN;29500,00;1.0000;0,00
BRONCEADOR NUDE;17250,00;1.0000;0,00
JAMONADAM AHUMADA X 250 GRM;2650,00;0.0000;2281,00
MEZCLA MAN SALADO ALMENDRAS MARAÑON;1450,00;11.0000;1214,00
PAPEL ALUMINIO DOMINGO X 4000 CM;7850,00;1.0000;6535,00
SPLAH WATERMELON BIOESSENCE;3500,00;1.0000;0,00
SPLASH PETALS OS SEDUCTION BIOESSENCE;3500,00;1.0000;0,00
SPLASH ROMANCE DOWN BIOESSENCE;3500,00;2.0000;0,00
SPLASH NEW MOON BIOESSENCE;3500,00;2.0000;0,00
SPLASH PEAR BIOESSENCE;3500,00;1.0000;0,00
ANTIBACTERIAL MARVIN 300ML;4300,00;2.0000;0,00
EXFOLIANTE COCO ACEUTE DE OLIVA;11000,00;1.0000;0,00
EXFOLIANTE TORONJA Y TE VERDE;11000,00;1.0000;0,00
ESFOLIANTE NARANJA;11000,00;1.0000;0,00
LUBRIDERM PROTECCION SOLAR;18500,00;1.0000;0,00
SALSA LISTA DE TOMATE BOLOGNESA LA CONSTANCIA X 106 GR;1000,00;6.0000;0,00
SALSA LISTA DE TOMATE CON CEBOLLA Y AJO LA CONSTANCIA X 106 GR;1000,00;6.0000;0,00
REFRESCO TUTI FRUTTI MANGO X 250 ML;1050,00;1.0000;858,00
REFRESCO TUTIFRUTTI TETRA MORA X 250ML;1050,00;0.0000;858,00
sepillo estuche;1800,00;1.0000;0,00
CHOCOLATINA JUMBO MANI X 200 GR;5600,00;8.0000;4611,00
TIPITIN POP NARANJA;500,00;11.0000;375,00
PRACTIJARRA ENTERA;2350,00;5.0000;2112,00
LECHE ALQUERIA DESLACTOSADA MEGALITRO X 1.100 ML;2600,00;7.0000;2300,00
CEPILLO DENTAL PARA BRACKETS;3400,00;2.0000;0,00
CEPILLO DENTAL ORO WHITE;2600,00;2.0000;0,00
KIT ORTODONCIA;7200,00;2.0000;0,00
HILO DENTAL BRUTISH;400,00;5.0000;0,00
ENHEBRADORES;1200,00;6.0000;0,00
ALPINITO 90G;1200,00;0.0000;0,00
SUAVITEL ANOCHECER;900,00;9.0000;0,00
PILAS AA EVEREADY;1200,00;9.0000;0,00
PILAS AAA EVEREADY;1200,00;11.0000;0,00
TRATAMIENTO MALVA;3000,00;5.0000;0,00
RE POLARIZADOR ;1500,00;6.0000;0,00
MATIZANTE NEGRO NATURALEZA Y VIDA;2500,00;5.0000;0,00
MATIZANTE RUBIO NATURALEZA Y VIDA;2500,00;1.0000;0,00
COLORACION CAPILAR;3400,00;2.0000;0,00
yogur vaso colanta;1000,00;4.0000;760,00
CREMA FROTEX X550 GRM;9600,00;2.0000;8000,00
MATIZANTE ROJO TONO SOBRE TONO;2000,00;1.0000;0,00
HIDROKERATINA TRATAMIENTO;2000,00;2.0000;0,00
EMBRION DE PATO;800,00;1.0000;0,00
PILA TRONEX CUADRADA;1500,00;2.0000;0,00
PILAS PANASONIC AA;1200,00;10.0000;0,00
PILAS TRONEX AAA ;650,00;42.0000;0,00
COLORACION EN CREMA DUVY CLASS;8000,00;2.0000;0,00
AGUA OXIGENADA V20;1000,00;45.0000;0,00
AGUA OXIGENADA V10;1000,00;20.0000;0,00
AGUA OXIGENADA V30;1000,00;59.0000;0,00
AMPOLLETAS;1400,00;24.0000;0,00
ACONDICIONADOR BIOEXPERT;500,00;44.0000;0,00
SHAMPOO 2 EN 1 BIOEXPERT;500,00;16.0000;0,00
CREMA PARA PEINAR BIOEXPERT;500,00;27.0000;0,00
SHAMPOO BIOEXPERT;500,00;23.0000;0,00
PAÑAL ETAPA 1 INDIVIDUAL;500,00;40.0000;0,00
PAÑAL ETAPA 5 INDIVIDUAL;800,00;23.0000;0,00
PAÑAL WINNY  ETAPA 4 INDIVIDUAQL;800,00;16.0000;0,00
PAÑAL TENA L;1600,00;8.0000;0,00
TALCO PARA NIÑOS DROMATIC;8650,00;2.0000;0,00
CHUPA DE COLORES ;1000,00;10.0000;0,00
CHUPAS PEQUEÑAS;400,00;24.0000;0,00
CHUPAS GRANDES;1000,00;15.0000;0,00
JABON LUX PERFECCION CREMOSA X 125 GR;1600,00;6.0000;1231,00
CARAMELO DURO EN LABIAL FLASH POP MINI X 18 GR;1650,00;17.0000;1375,00
SARD CILINDRICA VAN CAMPS;2700,00;5.0000;2243,00
MAQ. DE AFEIT. GILLETTE EXCEL 1 UN ;2500,00;10.0000;1944,00
CEPLL DIENTES ORALB COMPACT;1500,00;24.0000;0,00
CHAP STICK CLASSIC  X 4 GR;6450,00;2.0000;0,00
CHAPSTICK FRESA X 4 GR;6250,00;2.0000;0,00
CHAP STICK MEDICATED X 4 GR;6250,00;0.0000;0,00
ALIMENTO GATOS FELIX PATÉ SALMÓN X 156 GR;3100,00;1.0000;2635,00
ALIMENTO GATOS FELIX FILETES DE PESCADO Y ATUN X 156 GR;3100,00;2.0000;0,00
GUANTE UNIV. SCOTCH BRITE T/M;2700,00;3.0000;0,00
BEBIDA ENERGIZANTE MONSTER VERDE X 473 ML ;5000,00;0.0000;3619,00
DEPILADOR DE CEJAS TRIM X 1 UN;2000,00;1.0000;0,00
REXONA CLINICAL WOMEN X 48 GR;14400,00;0.0000;0,00
APERITIVO MANISCHEWITZ CONCORD GRAPE X 750 ML;23000,00;1.0000;20000,00
MAQUINA DES. SCHICK 4 HOJAS X 1 UN;3000,00;7.0000;2500,00
TAMPICO CITRUS GARRAFA;2200,00;3.0000;1800,00
REFR. TAMPICO ;3800,00;7.0000;3150,00
REFRE TAMPICO X 125 ML;300,00;28.0000;210,00
TAMPICO CITRUS PUNCH ;700,00;0.0000;570,00
REFRESCO NARANJA TAMPICO;500,00;9.0000;380,00
TAMPICO CITRUS PET 500ML;1400,00;5.0000;1180,00
CREMA DENTAL COLGATE TOTAL 12 X 75 ML;4800,00;4.0000;0,00
PALILLOS PARA SANDWICH Y HAMBURGUESAS EL SOL X 125 UN X 47.4 GR;900,00;4.0000;0,00
REFRESCO COSECHA PURA NARANJ X230 ML;1200,00;3.0000;720,00
SUAVIZANTE DOWNY ELEGANCE X 800 ML;4550,00;2.0000;3798,00
SHAMPOO HYS;15300,00;1.0000;0,00
SH. PANTENE RIZO DEF;8500,00;1.0000;0,00
PAST VICK CEREZA X 5 UN X 10 GR;1000,00;20.0000;0,00
SUAV. DOWNY FLORAL;3250,00;4.0000;0,00
RINDEX FLORAL PAQ 225 GR;1500,00;18.0000;0,00
MAQ AFEITAR GILLETTE PRESTOBARBA ULTRAGRIP X 1 UN;2000,00;19.0000;1666,00
ESPONJILLA METALICA SCOTCH BRITE X 2 UN;3200,00;1.0000;0,00
CR. PONDS PEPINO ;9400,00;1.0000;0,00
CREMA H PONDS ;8050,00;1.0000;0,00
CR. PONDS PEPINO ;7200,00;2.0000;0,00
CREMA VASENOL BLANCA;8200,00;1.0000;0,00
CR. VASENOL HUM. TOTAL ;7900,00;1.0000;0,00
CREMA PARA PEINAR + NEGROS LUM;8700,00;0.0000;7262,00
CREMA PEINA SEDAL X 300 ML;8700,00;1.0000;0,00
CREM. PEIN.  RIZOS OB. SEDAL;8500,00;0.0000;0,00
SH. CLEAR RENOV. DIARIA;12800,00;1.0000;0,00
SHAMPOO CLEAR MEN ICE COOL X 200 ML;8350,00;1.0000;0,00
SH. CLEAR CAIDA DEFENSE;12800,00;0.0000;0,00
SH. CLEAR OLEO CONTROL;12800,00;1.0000;0,00
SH. CLEAR ICE COOL MENTHOL;13350,00;1.0000;0,00
CEPILLO PRO 900 2x1 OFERTA;7400,00;2.0000;0,00
CHOCOLATINA JUMBO ROLL X 38 GR ;1200,00;1.0000;0,00
GEL XTREME X 96 GR;1500,00;4.0000;0,00
DETERGENTE LIQUIDO ARIEL 7 SOLUCIONES X 450 ML;4100,00;4.0000;0,00
DETERGENTE ARIEL x 900GR P.E;7000,00;0.0000;0,00
CREM DIENTES LIMPIEZA PROF;1900,00;2.0000;0,00
JABON BARRA SUPREMO OXIMAX X 240 GR;1300,00;0.0000;0,00
JABÓN SUPREMO OXIMAX LIMON 340 GRS;1550,00;15.0000;1273,00
DETERG RINDEX FLORAL x 900GR PROMO;5300,00;11.0000;4333,00
DETERGENTE ARIEL X 450GR;3900,00;11.0000;3250,00
ARIEL DOBE PODER 225 GRS;2200,00;10.0000;0,00
ARIEL DOBE PODER;1100,00;20.0000;0,00
DET RINDEX 3 EN 1 FLORES PARA MIS AMORES 115GR;600,00;3.0000;0,00
RINDEX 3 EN 1 FLORES;2700,00;31.0000;2250,00
LAVALOZA SALVO LIQUIDO X 300 ML;3600,00;1.0000;0,00
SUAVIZ DOWNY X 40 ML;250,00;0.0000;0,00
DOWNY ENJUAGUE FLORAL X 80 ML;500,00;3.0000;0,00
SUAVIZANTE DOWNY X 80 ML;500,00;3.0000;0,00
CR. TRIPLE ACCION COLGATE;4300,00;1.0000;0,00
CREMA DENTAL TRIPLE ACCION X 150 ML;6850,00;2.0000;0,00
CREM DIENTES TRIPLE ACCION;3200,00;0.0000;0,00
CREMA DENTAL COLGATE ORIGINAL X 75 ML ;3150,00;2.0000;0,00
CREMA D. COLGATE MENTA;1000,00;30.0000;0,00
DESO SPRAY SPEED STICK EXTRM 100GR;9500,00;2.0000;0,00
DESOD AERO LADY SPEED STOCK PEFECT X 165 ML;7500,00;3.0000;0,00
LAVALOZA AXION LIQUI LIMON;1900,00;3.0000;0,00
CR. D. COLGATE LUMINOUS WHITENING;8400,00;0.0000;0,00
GALL CLUB SOCIAL ORIG X 26 GR;400,00;6.0000;294,00
GALL OREO ORIG X 36 GR;500,00;24.0000;0,00
PASTILL  TANQU  PATO X 48 GR;4200,00;2.0000;0,00
MR MUSCULO COCINA TOTAL X 250 ML;1800,00;1.0000;0,00
MR MUSCULO PARAISO AZUL X 250 ML;1100,00;0.0000;0,00
MAQUINA SCHICK XTREME 3 X 1 UN;2000,00;1.0000;1590,00
SCHICK XTREME 3 HAWAIAN TROPIC X 1UN;2000,00;1.0000;1590,00
LIMP.CRESOPINOL LIMPIADOR ;2900,00;1.0000;2423,00
LIMP.CRESOPINOL ULTRA ;2900,00;2.0000;0,00
CEREAL FITNESS FRUIT;9900,00;2.0000;0,00
ALIM BEBE NESTUM TRIGO MIEL X 30 GR;900,00;1.0000;0,00
MAGGI JUGOSOHORNO CERDO CRIOLLO ;2800,00;2.0000;0,00
MAGGI JUGOSOHORNO POLLO HIERBAS ;2900,00;3.0000;0,00
NESTUN TRIGO FRUTAS ;5950,00;1.0000;0,00
CERE INF NESTUM ARROZ X 200 GR;5950,00;1.0000;0,00
CERE NESTUM 5 CEREALES X 200 GR;5950,00;1.0000;0,00
MAGGI JUGOSO AL HORNO MOSTAZA Y MIEL X 30 GR;2800,00;2.0000;0,00
GELATINA ROYAL PIÑA 40 GR;1000,00;0.0000;0,00
 REFRESCO EN POLVO TANG PLUS MARACUYA X 810 GR ;7900,00;1.0000;6566,00
GALL CLUB SOCIAL SAB QUESO PROV X 28 GR;500,00;3.0000;441,00
GALL CLUB SOCIAL INTEGRAL QUES BCO X 28 GR;500,00;6.0000;441,00
CARNE MOLIDA DE POLLO SUPER POLLO X 500 GR;2000,00;1400.0000;0,00
CHORIZO DE POLLO MAC POLLO X 300 GR;3800,00;0.0000;3285,00
ATUN ALAMAR ENSALADA PRIM. ;2900,00;0.0000;0,00
ATUN ALAMAR ENSALADA ;3000,00;7.0000;2492,00
ACEITE OLEOCALI X 1000 ML;4800,00;4.0000;3600,00
ACEITE OLEOCALI X 250 ML;1500,00;9.0000;0,00
ACEI VEG OLEOCALI X 500 ML;2700,00;11.0000;2025,00
MARGAR PRACTIS CON SAL X 400 GR;4200,00;2.0000;0,00
MARGARINA PRACTIS CON SAL 200GR;2200,00;5.0000;1650,00
ESPONJILLA BRIO X 1 UN;800,00;5.0000;0,00
ALBONDIGAS EN SALSA ZENU ;6100,00;2.0000;0,00
ALBONIDGAS CON SALS TOMAT ZENU 220GR;2900,00;3.0000;0,00
FRIJOL ANT. ZENU ;3400,00;1.0000;0,00
FRIJOL ANT. ZENU ;4400,00;2.0000;0,00
ARVEJA CON ZANAHORIA ZENU;2200,00;0.0000;1834,00
ARVEJAS CON ZANAHORIA ;3350,00;5.0000;2774,00
ARVEJAS LATA ZENU X 580 GR;3000,00;3.0000;0,00
ARVEJA AL NATURAL ZENU X 300 GR;2000,00;1.0000;1689,00
ENSALADA DE VEGET. ZENU;3200,00;2.0000;0,00
ENSALADA DE VEGET. ZENÚ ;2250,00;2.0000;0,00
JAMONETA LATA ZENU;6200,00;2.0000;0,00
JAMONETA LATA ZENU;3900,00;0.0000;0,00
SALCHICHA VIENA AZUL ZENU;2450,00;8.0000;2010,00
MAIZ TIERNO LATA ZENU;2400,00;3.0000;1975,00
MAIZ TIERNO ENLAT ZENU X 432 GR;3700,00;4.0000;0,00
SUPER COMBO ZENU X 4 UN X 950 GR ( SALCHICHA 225 GR, SALCHICHON 225 GR, 2 MORTAD;8100,00;0.0000;0,00
SALCHICHA PERRO ZENU X 120 GR;1700,00;4.0000;1411,00
SALCHICHON 750GR GRATIS MALTA PONY 200ML;5750,00;1.0000;0,00
SALCH. CERVECERO ZENÚ PORCIONADO X 50GR;1100,00;9.0000;866,00
SALCHICHON ZENU;1300,00;6.0000;1093,00
SALCHICHON TRAD. ZENU;3000,00;2.0000;0,00
SALCHICHA RANCHERA ZENU;11400,00;2.0000;9930,00
SALCH. RANCHERA;6150,00;1.0000;0,00
SALCHICHA RANCH 5 UND ZENU;3000,00;2.0000;2505,00
SALCHICHA TRAD. ZENU X 225GR;3300,00;0.0000;2861,00
SALCH RANCHERA SUP X 2 UN;2800,00;4.0000;2300,00
SALCHICHA TRADICIONAL ZENU 2 UND;1300,00;3.0000;1025,00
MORTADELA TRAD. ZENU X 450GR;5800,00;1.0000;0,00
JAMON PIETRAN 230GR;6400,00;0.0000;5549,00
CHORIZO TERNERA ZENU;7600,00;3.0000;0,00
CHORIZO CON TERNERA ZENU 2 UND;2200,00;1.0000;1801,00
CARN HAMBURG X 2 UN X 130 GR;2700,00;3.0000;2260,00
CREMA DE MANOS Y CUERPO DROMATIC CON VITAMINA E  X 260 ML;8500,00;3.0000;0,00
POLIMERO CABELLO DROMATIC X 20 ML;1400,00;18.0000;0,00
TALCO DESODORANTE DROMATIC X 85 GR;3500,00;3.0000;0,00
TALCO DESODORANTE DROMATIC X 150 GR;5500,00;4.0000;0,00
TALCO DESOD DROMATIC X 300 GR;7700,00;2.0000;0,00
TALCO DESODORANTE DROMATIC X 125 GR ;4300,00;4.0000;0,00
SILICONA CABELLO DROMATIC X 20 ML;1500,00;8.0000;0,00
CREM PARA PEINAR LAXIOS X 20 ML;1600,00;35.0000;0,00
CUID PERROS NUTRISS CACHORROS 1KG;3500,00;16.0000;2774,00
QUESO MOZAR ALPINA X 250 GR;5650,00;0.0000;5679,00
QUESO CREM ALPINA 200GR;2500,00;0.0000;2164,00
QUESO PARME ALPINA X 40GR;2450,00;0.0000;2141,00
QUES PARME ALPINA  PAQ 100GR;5800,00;3.0000;4978,00
CREMA DE LECHE ALPINA PRACTI TAPA X 250 ML;2850,00;0.0000;2375,00
COMPOTA ALPINA MANZ. X 113 GR;1200,00;3.0000;0,00
YOGURT CON MUSLI  ALPINA ;2100,00;1.0000;1795,00
YOGURT FINESSE FRESA ;2000,00;0.0000;0,00
YOGURT FINESSE FRESA 150GR;1300,00;2.0000;1110,00
YOGURT FINESSE MELOC X150 GR;1300,00;2.0000;1110,00
YOX MULTIFRUTAS ;1000,00;0.0000;947,00
AVENA ALPINA BOLSA;1000,00;2.0000;854,00
CUCHAREABLE ALPINA FRESA;500,00;1.0000;426,00
CUCHAREABLE ALPINA MELOCO.;500,00;5.0000;426,00
YOGURT FRESA ALPINA ;2000,00;2.0000;0,00
ALPIN VAINILLA UHT B576;1600,00;1.0000;0,00
AVENA NATURAL ALPINA;1800,00;4.0000;1538,00
BEBIDA LACTEA ALPIN FRESA;1000,00;0.0000;859,00
LECHE UHT ENTERA ALPINA ;1000,00;3.0000;0,00
YOGO YOGO FRESA  ;3600,00;0.0000;3084,00
YOGO PRE MELON;1900,00;1.0000;0,00
YOGO CEREAL ALPINA FRESA X 145 GR;1200,00;1.0000;0,00
YOGO CEREAL ALPINA MELOCOT X 145 GR;1200,00;1.0000;0,00
YOGURT MORA BOLSA YOGO YOGO;500,00;17.0000;3978,00
YOGURT MELOCOTON BOLSA YOGO YOGO;500,00;2.0000;397,00
YOGURT FRESA BOLSA YOGO YOGO;500,00;6.0000;397,00
YOGURT FRUTOS ROJOS BOLSA YOGO YOGO;500,00;2.0000;397,00
YOGO YOGO FRESA 150GR;800,00;0.0000;600,00
YOGO YOGO MELOCT X 150 GR;800,00;2.0000;600,00
KUMIS ALPINA 1000GR;4500,00;1.0000;3500,00
YOGO KUMIS X 150 GR;800,00;4.0000;684,00
YOGURT REGENERIS FRESA;2000,00;0.0000;0,00
REGENERIS TROZOS MELOCOTON 150 GR;1200,00;1.0000;1025,00
SOKA ALPINA BOTELLA MORA  ;1200,00;2.0000;967,00
SOKA MANDARINA BOT. ;1250,00;1.0000;1025,00
SOKA ALPINA BOTELLA MANGO ;1200,00;1026.0000;967,00
AREQUIPE ALPINA X 220 GR;2800,00;1.0000;2438,00
YOGURT ALPINA MORA ;1100,00;0.0000;939,00
YOGURT ALPINA MELOCOTON;1100,00;2.0000;939,00
YOGURT ALPINA FRESA X 150 GR;1100,00;1.0000;939,00
ALPINET FRESA ;1900,00;0.0000;0,00
ALPINETE CEREZA ;1900,00;1.0000;0,00
GELATINA BOGGY PR. FRESA ;1200,00;0.0000;1013,00
GELATINA BOGGY PR. MORA ;1200,00;0.0000;1013,00
GELAT BOOGY FRESA X120 GR;700,00;0.0000;592,00
GELAT BOGGY NARANJ 120GR;700,00;0.0000;592,00
AREQUIPE ALPINA PORCION INDIVIDUAL X 50 GR;750,00;10.0000;0,00
AREQUIPE ALPINA;3800,00;0.0000;0,00
AREQUIPE ALPINA X  500 GR;6400,00;1.0000;5641,00
AVENA FINESSE ALPINA ;1800,00;1.0000;1538,00
BON YURT FROOT LOOPS ALPINA ;2000,00;0.0000;1712,00
BON YURT CHOCOMAX;2000,00;0.0000;0,00
CERVEZA AGUILA LATA;2000,00;9.0000;1387,00
CERVEZA AGUILA LIGHT LATA;2000,00;13.0000;0,00
CERV AGUILA BOTELLA;1600,00;34.0000;1100,00
CERV AGUILA LIGHT;1800,00;57.0000;1216,00
AGUILA CERO X 330ML;1600,00;4.0000;0,00
CERVEZA CLUB COLOMBIA  X 330 ML ;2000,00;27.0000;1426,00
CERVEZA CLUB COLOMBIA LATA ;2000,00;5.0000;0,00
CERVE CLUB COLOMBIA NEGRA X 330 ML;2000,00;0.0000;0,00
CERVEZA REDDS LATA;2000,00;0.0000;0,00
PONY MALTA RETOX  330 ML;1100,00;7.0000;0,00
PONY MALTA 330 ML;1300,00;7.0000;0,00
PONY MALTA NO RET X1500 ML;3000,00;5.0000;2533,00
PONY MALTA  MINI PET;800,00;22.0000;666,00
PONY MALTA X 1000 ML;2000,00;1.0000;1691,00
COLA & POLA LATA ;1600,00;4.0000;1300,00
MARGAR. RAMA CULIN.125 GR;1450,00;6.0000;1258,00
TALCO REXONA EFFICIENT 60GR;3500,00;0.0000;0,00
TALCO  EFFIC REXONA;9200,00;3.0000;0,00
SHAMPOO CEDAL CERAMIDAS X 350ML + ACONDICIONADOR X 350ML;15500,00;0.0000;12933,00
CREM PONDS CLARANT B3 10GR;1000,00;3.0000;0,00
CREMA S PONDS X 10 GR;1000,00;7.0000;0,00
CREMA PONDS ANTIARRUGAS X 10 GR;1000,00;5.0000;0,00
CHOCOLATINA JET BLANCA X 24 GR;1000,00;11.0000;0,00
MANI LA ESPECIAL MAIZ;1200,00;24.0000;973,00
CHOC JET JUMBO MIX X 60 GR;1500,00;9.0000;1230,00
CHOCOL. CHOCOLYNE 100C X 24GR;1200,00;0.0000;0,00
COCOA SUPERIOR CORONA LA DE SIEMPRE X 230GR;3950,00;6.0000;3422,00
COCOA CORONA ;1950,00;4.0000;1670,00
CHOCOLYNE CLASICO  ;3050,00;1.0000;2653,00
CHOCOLYNE SPLENDA  ;3600,00;4.0000;3103,00
CHOCOLYNE C/C ;3000,00;5.0000;0,00
CHOCOL. CORONA FLASH INST.;2950,00;1.0000;0,00
CHOCLAT JET CRUJI 11GR;300,00;19.0000;0,00
CHOCOLATINA JUMBO MINI X 18 GR;500,00;45.0000;383,00
COCOA LA ESPECIAL CON CEREALES X 100 GR ;1400,00;1.0000;0,00
MANI LA ESPECIAL CON ARANDANOS X 50 GR;1500,00;20.0000;1237,00
MANÍ KRAKS LA ESPECIAL X 30GR;500,00;14.0000;389,00
CHOCOLATE CORONA FLASH X 20 GR;500,00;3.0000;0,00
CHOCOLATINA JUMBO FLOW CHOCOLATE BLANCO X 48 GR;1000,00;12.0000;0,00
CHOCOLATINA GOL EXTRA CONTENIDO X 31 GR;600,00;107.0000;465,00
MANI CERE. LA ESPECIAL AJONJOLI  X 40 GR;1200,00;4.0000;0,00
CHOCOLISTO SIN AZUCAR X 200 GR;2950,00;2.0000;0,00
CHOCOLATE CRUZ ;4550,00;4.0000;3970,00
CHOCOLATE CRUZ S/A X 125 GR;2400,00;5.0000;0,00
CHOCOL. TESALIA;4650,00;2.0000;3970,00
CHOCOLATE TESALIA c/c ;2350,00;7.0000;2055,00
CHOCOLATE CORONA TRADI X 250 GR;2300,00;1.0000;0,00
CHOCOLATINA JET  X 30 GR;1000,00;14.0000;0,00
CHOC. JUMBO MANI;3200,00;7.0000;2627,00
CHOCOLATINA. JUMBO MANI;1400,00;27.0000;979,00
CHOCO. MONTBLANC;3000,00;13.0000;0,00
GOLOCHIPS TIKYS 20GR;600,00;15.0000;487,00
CHOCOLISTO TARRO;3950,00;2.0000;0,00
CHOCOLISTO BOLSA X 200GR;3100,00;7.0000;2552,00
CHOC WAFER JET X 22 GR;500,00;32.0000;374,00
MANI CON MIEL EL MANICERO 25GR;500,00;14.0000;0,00
MANI LA ESPECIAL SAL;1200,00;11.0000;0,00
MANI LA ESPECIAL PASAS;1500,00;12.0000;1079,00
MANI LA ESPECIAL MEZCLA;1500,00;10.0000;0,00
CREM TRIPL ACCION PEQUEÑA;1100,00;8.0000;0,00
CREMA DIENTES MAXIMA PROTEC;1700,00;3.0000;0,00
CREM DIENTES COLGATE MEGA CREMA;2000,00;9.0000;0,00
CEPILLO PREMIER CLEAN;1500,00;0.0000;0,00
AXION LIMON X 500GR;3800,00;9.0000;0,00
AXION DISCO LIMON;1000,00;25.0000;676,00
DETERG.ER. AJAX BICARBONATO NARANJA LIMON;6000,00;0.0000;0,00
FABULOSO LAVANDA;4950,00;0.0000;0,00
FABULOSO LAVANDA;2800,00;0.0000;0,00
FABULOSO FLORAL;3000,00;3.0000;0,00
SOFLAN PRIMAVERAL 3000 ML;9800,00;0.0000;0,00
OFERTA SUAVIZANTE SUAVITEL X 2 UN X 3000 ML C/U;17800,00;1.0000;0,00
SUAVIZANTE SOFLAN SUAVITEL LAVANDA X 400 ML;2400,00;7.0000;1974,00
SUAV SUAVITEL FRESCA PRIM X400ML;2500,00;11.0000;1972,00
SUAVIZANTE SUAVITEL FRESCA PRIMAVERA X 40ML;250,00;24.0000;200,00
LIMPIAPISOS FABULOSO BEBE X 500 ML;2700,00;1.0000;0,00
LIMP FABULOSO BEBE X 200 ML;1100,00;2.0000;934,00
DETERG.ER. AJAX BICLORO;6000,00;4.0000;0,00
LAVALOZA AXION ALOE X 235 GR;2000,00;2.0000;0,00
AXION CREMA ALOE;3800,00;0.0000;0,00
AXION CREMA LIMON;7200,00;5.0000;0,00
LAVA LOZA AXION LIMON;2000,00;2.0000;0,00
JAB TOCAD EXFOL PALMOLIVE 130GR;1600,00;6.0000;0,00
JAB BARR PALMOLIVE YOGUT FRESA X 130;1600,00;3.0000;0,00
JABON PALMOLIVE INTENSA RENOVACION X 130 GR;1600,00;8.0000;0,00
BARRA JABON PROTEX AVENA X130 GR;2000,00;2.0000;0,00
JAB BARRA PROPOLIS;2000,00;4.0000;0,00
BARRA JABON PROTEX LIMP PROF;2000,00;3.0000;0,00
DESD CREM LADY SPEED STICK DOB DEF X 40 GR;2000,00;1.0000;0,00
DESD GEL SPEED STICK ACTIVE X 40 GR;2000,00;1.0000;0,00
CREMA DENTAL COLGATE X 66 GR + CEP DENTAL;2100,00;11.0000;0,00
BARQUILLO PIAZZA X 12.3 GR;200,00;8.0000;0,00
CHUPETA TIPITIN PAGUE 50 LLEVE 52 UN X 300 GR ;4200,00;2.0000;0,00
NUCITA D.P.  EXTRA CONT;2700,00;1.0000;0,00
BOM BOM BUM SANDIA COLOMBINA;4300,00;1.0000;0,00
CHOCMELOS MICKEY X 30GR;1000,00;5.0000;849,00
BON BON BUM BLUE RAZZ ;4300,00;1.0000;0,00
CREMA NUCITA CHOCOLATE 18 UN X 252 GR;300,00;2.0000;225,00
BON BON BUM UVA PAGUE 24 LLEVE 26 X 520 GR;4300,00;1.0000;0,00
PAQ X 24 BON BON BUM FRESA INT;4300,00;1.0000;0,00
BARQUILLO PIAZZA CHOCOLATE X 36 GR;1300,00;1.0000;0,00
CONFITE MASTI. MAX COMBI FRUTAS ACIDAS 100 UN X 430 GR;3700,00;1.0000;0,00
BARQUILLO PIAZZA AREQUIPE ;1300,00;1.0000;0,00
BARQLLO PIAZZA COLOMBIANA 12.3GR;200,00;14.0000;0,00
GALLETAS MUU LECHE ACHOCOLATADA X 4 UN X 25 GR;300,00;5.0000;0,00
GALLETAS MUUUX 43 GR;400,00;8.0000;300,00
PIAZZA CREMA NUCITA X 18 GR;300,00;4.0000;0,00
BOMBOMBUN FRESA;4300,00;1.0000;0,00
SNACKY CARAMELO;800,00;0.0000;0,00
GELAT GEL'HADA SIN SABOR 30 GR;1700,00;2.0000;0,00
GELATINA LIMÓN GEL HADA X 70GR;1000,00;2.0000;0,00
POLV PARA HORN LEVAPAN X 20 GR;1000,00;5.0000;912,00
SALSA BBQ SAN JORGE 90GR;850,00;0.0000;0,00
SALSA DE SOYA SAN JORGE X 90 ML;1250,00;0.0000;0,00
SALSA NEGRA SAN JORGE X 90 GR;1250,00;4.0000;0,00
SALSA BBQ. SAN JORGE DP 200 GR;2400,00;4.0000;1987,00
VINAGRE BLANCO S/J ;1100,00;6.0000;1060,00
VINAGRE FRUTAS S/J ;1100,00;5.0000;0,00
MAQ AFIET GILLETTE PRESTOBARBA 3 X 1 UN;3000,00;23.0000;2500,00
DES GILLETE GEL P RUSHX;14200,00;1.0000;0,00
DES GILLETE GEL COOL WAVE ;14200,00;0.0000;0,00
CEPILLO PRO DELUXE SUAVE;2750,00;10.0000;0,00
HARINA HAZ DE OROS ;1450,00;13.0000;1181,00
HAR CON POLV DE HOR HAZ DE OROS X 500 GR;1850,00;3.0000;0,00
MARGARINA CANOLA LIFE ;3550,00;3.0000;0,00
BROWNIE M&M X 55 GR;2000,00;4.0000;1672,00
DOÑAREPA BLANCA EXTR ;1600,00;4.0000;0,00
DOÑAREPA AMARILLA ;1600,00;3.0000;1392,00
MEZCLA P/PANCAKE HAZ DE OROS ;3500,00;6.0000;2520,00
LA LECHERA;1500,00;0.0000;1230,00
CREMA DE LECHE NESTLE ;5250,00;3.0000;4360,00
MILO ACTIGEN-E LATA ;6000,00;4.0000;0,00
MILO ACTIGEN-E LATA ;10800,00;4.0000;0,00
CAFE DOLCA LATA X 170 GR;10750,00;1.0000;0,00
CAFE DOLCA LATA x 85 gr;5950,00;1.0000;0,00
NESCAFE TRADIC ;4300,00;5.0000;3625,00
NESCAFE TRADICION x 85GR;7300,00;6.0000;6222,00
NESCAFE TRADICION x 170GR;11600,00;1.0000;10500,00
DEDITOS NESTLE 3UN X 23GR;550,00;3.0000;465,00
CREMA TOMATE MAGGI;2450,00;4.0000;0,00
CREMA GOURMET CHAMPIÑONES X 72 GR;2350,00;0.0000;0,00
CREMA DE POLLO  MAGGI;2350,00;1.0000;0,00
BASE CARNE GULASH ;2450,00;1.0000;0,00
BASE SALSA BECHAMELMAGGI X 50 GR;2600,00;2.0000;0,00
SOPA GALLINA ARROZ MAGGI;1200,00;10.0000;0,00
SOPA GALLINA CON FIDEOS;1200,00;6.0000;0,00
SOPA DE COSTILLA/FIDEOS MAGGI;1200,00;4.0000;1003,00
SALS CARBONA MAGGI X 50 GR;2450,00;2.0000;0,00
CREMA DE LECHE NESTLE DOYP 184 GR;4500,00;2.0000;0,00
LA LECHERA NESTLE DP;5200,00;3.0000;4325,00
CEREAL CHOCAPIC X 30 GR;900,00;5.0000;0,00
MITITACO SALTINAS NESTLE X 100 GR;800,00;3.0000;0,00
BASE CARNE DESM. MAGGI ;2450,00;1.0000;0,00
MILO ACTIGEN-E BOLSA ;44000,00;0.0000;0,00
NUGGETS CHOCOLA MILO X 20 GR;800,00;8.0000;0,00
NESCAFE SOBRE 25 GR;2200,00;23.0000;0,00
BASE SALSA BOLOGN. MAGGI ;2450,00;1.0000;2122,00
BASE POLLO CRYSPY MAGGI ;2450,00;1.0000;2122,00
SALSA QUESO PARA PASTA MAGGI X 12 GR;500,00;13.0000;0,00
BASE PASTA TOCINETA MAGGI;500,00;14.0000;0,00
CREMA DE LECHE NESTLE ;1700,00;1.0000;0,00
LECHE KLIM FORTIFICADA X 360GR;7600,00;2.0000;6869,00
LECHE KLIM FORT INST. ;16100,00;1.0000;0,00
NESQUIK CHOCOLATE ;3550,00;0.0000;3026,00
CAFÉ DOLCA SOBR;800,00;3.0000;0,00
NESCAFE SOBRE 1,5 GR;150,00;77.0000;113,00
LECHE EN POLVO KLIM;700,00;4.0000;0,00
LECHE KLIM X 400 GR + 36 GR;6400,00;2.0000;0,00
GALL MILO SANDWICH X 55 GR;600,00;6.0000;0,00
GALLETAS FITNESS INTEGRAL X 150 GR;1400,00;3.0000;0,00
GALL ANILLOS MILO NESTLE 6 UN;600,00;1.0000;498,00
CEREAL INTEGRL FITNESS 30GR;900,00;7.0000;751,00
LECHE EN POLV KLIM X 104 GR;2000,00;0.0000;0,00
LECHE CONDE LA LECHERA X 395 GR;5700,00;0.0000;0,00
MAXI TACO SALTIN NESTLE X 125 GR;900,00;2.0000;0,00
TE EN POLV NESTEA DURAZNO X 30 GR;700,00;0.0000;0,00
NESTEA LIMON SOBR;700,00;2.0000;0,00
MILO SOBRE X 25 GR;900,00;36.0000;720,00
MILO X 250 GR;6800,00;5.0000;5897,00
NESCAFE TRADICION X 12 GR + 20 % GRATIS;900,00;14.0000;0,00
GTA. FITNESS INTEGRAL NESTLE X 26GR;500,00;1.0000;0,00
AVENAPLUS VAINILLA KLIM X 140 GR;4700,00;1.0000;0,00
SALTINAS TRIS MEG PROM PAG 10 LLEVE 12 X 264 GR;3700,00;1.0000;0,00
GALLET DUX ORIGINAL 27GR;400,00;30.0000;279,00
GALLETA SULTANA  TACO;2800,00;5.0000;2430,00
GTA MINICHIPS CHOCOCHIPS;600,00;3.0000;509,00
GALLETA DUCALES 2T X 294GR;3250,00;18.0000;2958,00
GALLET DUCALES TENTACION X 26 GR;500,00;13.0000;380,00
GALLT TACO DUCALES NOEL 130GR;1600,00;9.0000;1360,00
GALLETA TOSH AJONJOLI 27 GR;500,00;20.0000;279,00
CERL.CARVE CAJA ;1800,00;2.0000;0,00
CERL.CARVE ;3000,00;1.0000;0,00
GALLETA DUCALES x 3 TACOS X 468 GR;4200,00;4.0000;3834,00
GALLETAS DUCALES MINI X 40 GR;700,00;5.0000;591,00
GALL SALTIN NOEL QUESO MANT X 150 GR;1300,00;2.0000;0,00
GTA. SALTIN SEMILLAS Y CEREAL 3T X 432GR;4100,00;1.0000;0,00
GALLETA SALTIN TRAD TACO DIA 110 GR;800,00;7.0000;558,00
SALTIN NOEL TRIGO/MAIZ 3 TACOS X 420 GR;3650,00;3319.0000;0,00
GALLETA FESTIVAL CHOKOMIX 2 UN X 15 GR;200,00;26.0000;154,00
GALL FESTIVAL FRESA X 50 GR;500,00;22.0000;0,00
GALL FESTIVAL VAINILLA X 50 GR;500,00;18.0000;381,00
GALL FESTIVAL CHOCOLATE X 50 GR;500,00;9.0000;381,00
GALL FESTIVAL LIMON X 50 GR;500,00;24.0000;381,00
GALLT RECREO CHOCOLAT NOEL 36GR;500,00;36.0000;0,00
GALLETA SALTIN NOEL 3T X 300GR;2700,00;34.0000;0,00
GALLT DUX INTEGRAL 27GR;400,00;19.0000;279,00
GTA. SALTIN NOEL QSO MQLLA 3T X 385GR;3800,00;8.0000;0,00
WAFERS NOEL VAINILLA;300,00;62.0000;0,00
GALL NOEL SULTANA X 36.7 GR;400,00;28.0000;333,00
GALLETA SALTIN DOBLE FIB. 3T X 415GR;3850,00;9.0000;0,00
PH ACOLCHADO  EXTRA GRANDE X 1;1500,00;31.0000;1319,00
P.H. FAMILIA ACOLCHADO GRANDE TH  X1 UN;1000,00;43.0000;800,00
PH FAMILIA ACOLCHAMAX MEGAROLLO X1 UN;1700,00;29.0000;1319,00
SERV. FLIA CAFETERIA X100;1900,00;5.0000;1511,00
SERVILLETA FAMILIA CUADRADA X100;1800,00;5.0000;1282,00
SERVILLETA FAMILIA PARTIDA 1A1 x150;1000,00;4.0000;0,00
SERVILLETA FAMILIA PARTIDA 1A1 DECORADA X150;1100,00;1.0000;0,00
PAÑOS HUMEDOS PEQUEÑIN X 24;2200,00;2.0000;0,00
PAÑITOS HUMEDOS PEQUEÑIN X 100 UN;10000,00;1.0000;0,00
SH. BAÑO LIQ. 2en1 PEQUEÑ;11000,00;4.0000;0,00
PAÑUELOS FAMILIA CAJA PEQUEÑA P60 LL 150;2200,00;1.0000;0,00
TOALLITA PEQUEÑIN ACOLCHADITA X 24;3300,00;1.0000;0,00
TOALLAS ACOLCHADITA PEQUEÑIN ED.ESPECIAL 12X80;10300,00;0.0000;7415,00
TOALLITA PEQUEÑIN ACOLCHADITA  X 40;5300,00;3.0000;3799,00
TC FAMILIA HOGAR X3 ;4000,00;2.0000;0,00
TC FLIA ACOLCHADA MEGA DEC X1;7350,00;1.0000;6127,00
TC FAMILIA HOGAR MULTICORTES X1;1500,00;1.0000;0,00
PAPEL HIGIENICO FAMILIA ACOLCHAMAX X 6 UN;7300,00;4.0000;6423,00
PH FAMILIA MEGA ROLLO PROM X 4 UN;5500,00;7.0000;4992,00
PH FAMILIA ACOLCHADO MEGARROLLO PROMO PACK X 9 UN;11700,00;0.0000;0,00
PH FAMILIA ACOLCHADO GRANDE PROM PACK X 4 UN;3800,00;7.0000;0,00
PAÑOS HUMEDOS PEQUEÑIN UN;200,00;32.0000;0,00
SHAMPOO Y BAÑO LIQUIDO PEQUEÑIN X 50 ML;1600,00;3.0000;0,00
RUEDITAS DE ALGODON POMYS X 30 UN ;2200,00;2.0000;0,00
TC FAMILIA ACOLCHADA DECORADA X1;2700,00;1.0000;0,00
NOSOTRAS NATURAL INVISIBLE CLASICA X 10 UN;3600,00;13.0000;0,00
NOSOTRAS NATURAL PLUS CANALGEL X 10 UN;3400,00;4.0000;0,00
NOSOTRAS DIARIOS NATURAL TANGA ALITAS X 120 UN;10100,00;1.0000;0,00
NOSOTRAS NATURAL NORMAL X 10 + NOSOTRAS EXTRAPROTECCION TELA X 2 UN;2900,00;13.0000;0,00
OFERTA TOALLAS HIGIENICAS NOSOTRAS BUENAS NOCHES X 20 UN + JABON INTIMO NOSOTRAS;9600,00;6.0000;0,00
NOSOTRAS INVISIBLE RAPIGEL X 10 UN;3700,00;4.0000;0,00
PROMO TOALL HIGIE X 10 UN + 5 PROTEC DIA NOSOTRAS;3900,00;11.0000;0,00
NOSOTRAS EXTRAPROTECCION TELA X 6 UN;3000,00;15.0000;0,00
NOSOTRAS DIARIOS X 15 UN;1600,00;11.0000;0,00
NOS NATURAL PAÑITOS INTIMOS 18X12 (PE);5600,00;1.0000;0,00
NOSOTRAS TAMPON DIGITAL REGULAR X 3 UN;2000,00;16.0000;0,00
JABON INTIMO NOS GRANEL X50ML ;2500,00;8.0000;0,00
TH NOSOTRAS MATERNIDAD 18(10+12LACTI);13500,00;1.0000;0,00
NOSOTRAS DIARIOS NATURAL TANGA ALITAS X 15 UN;2100,00;11.0000;0,00
NOSOTRAS DIARIOS MULTIESTILO X 15 UN;2300,00;6.0000;0,00
TOALLAS HUMEDAS TENA X 24UN;6000,00;2.0000;0,00
MARGARINA GUSTOSITA ;900,00;0.0000;0,00
ACEITE RICAPALMA X 250 ML;1300,00;2.0000;1122,00
ACEITE RICA PALMA X 500 ML;2300,00;4.0000;1908,00
ACEITE RICAPAL;4400,00;0.0000;0,00
SH. JHONSON & JHONSON ROMERO;14100,00;1.0000;0,00
CAREFREE X 15 UN;1500,00;7.0000;1106,00
CAREFREE BRISA X 15 UN;1500,00;2.0000;1359,00
PROTECTORES DIARIOS CAREFREE BRISA SIN PERF. X 200 UN;12300,00;1.0000;0,00
CREMA LIQUIDA JHONSON & JHONSON;13800,00;1.0000;0,00
STAYFREE ESPECIAL ALAS X 12 UN [P10-LL12];3000,00;5.0000;0,00
STAYFREE ESPECIAL ULTRADELGADA X 12 UN [P10-LL12];3000,00;6.0000;0,00
JAB BARRA JOHNSONS ALOE Y VITAM 3 126GR;1900,00;0.0000;0,00
CREMA PEINAR JHONSON & JHONSON  HIDRA.INT;11300,00;1.0000;0,00
JAB TOC JHONSONS BABY X 125 GR;2300,00;1.0000;0,00
BARRA JABON.JOHNSONS ALMD Y AVE;1900,00;1.0000;0,00
SH. JHONSON & JHONSON BABY EXTRAH;13000,00;1.0000;0,00
SHAMPOO JOHNSONS BABY X 200 ML;7500,00;1.0000;0,00
CAFE INSTANTANEO COLCAFE SOBRES X 24 UN;100,00;90.0000;69,00
CAFE GRANU INSTA COLCAFE X 24 SOBR X 36 GR ;2100,00;8.0000;0,00
CAFE GRANULADO COLCAFE X 10 GR;800,00;18.0000;0,00
COLCAFE GRANULADO X 25 GR;1700,00;13.0000;0,00
COLCAFE GRANULADO X 50 GR;3800,00;2.0000;0,00
CAFE INST COLCAFE X 10 GR;800,00;6.0000;0,00
CAFE SELLO ROJO MEDIO ;7700,00;1.0000;0,00
CAFE SELLO ROJO  ;4400,00;3.0000;0,00
CAFE  MOLI SELLO ROJO X 125 GR;2300,00;2.0000;0,00
CAFE COLCAFE VAINILLA X 50 GR;4200,00;1.0000;0,00
CAFE COLCAFE CLASICO x 170GR;11100,00;4.0000;0,00
CAFE COLCAFE CLASICO x 85GR;6200,00;5.0000;5380,00
CAFE COLCAFE CLASICO x 50GR;3800,00;8.0000;3270,00
CAFE COLCAFE DESCAF. X 200GR;14250,00;1.0000;12950,00
CAFE COLCAFE DESCAF. X 100GR;8700,00;2.0000;7537,00
CAFE COLCAFE DESCAFE.;4550,00;2.0000;3950,00
COLCAFE CLASICO SUAVE 25GR;1700,00;4.0000;0,00
CAFE COLCAFE CARAMELO X 50 GR;4200,00;2.0000;3629,00
CAPPUCCINO COLCAFE CLASICO SOBR 18GR;800,00;6.0000;566,00
CAPPUCCINO COLCAFE VANILLA SOBR 18GR;800,00;6.0000;566,00
CAFE CAPPUCCION MOCCA;800,00;6.0000;566,00
LISTERINE SOLUCION X 180 ML;8000,00;1.0000;6643,00
LISTERINE FRESH BURSH  ;8000,00;2.0000;6643,00
LISTERINE COOL ;6000,00;1.0000;5313,00
CREMA HUMECTANTR LUBRIDERM PROTECCION SOLAR UV-15 X 120 ML;8300,00;0.0000;0,00
CREM LUBRIDERM 120ML;7200,00;2.0000;0,00
LUBRIDERM AVENA ;14500,00;0.0000;0,00
CREMA HUMECTANTE DE AVENA LUBRIDERM X 200 ML;7800,00;1.0000;0,00
CREMA AUTOBRONCEADORA NUDE X 120 ML;22000,00;2.0000;0,00
CREMA AUTOBRONCEADORA  NUDE AUTOBRONZE X 20 ML;4100,00;3.0000;3386,00
DESOD ARDEN FOR MEN ORIG X 12 GR;800,00;8.0000;418,00
SHAMPOO KONZIL 2 EN 1 X 15 ML;500,00;2.0000;0,00
CRM PEINAR KONZIL TODO TIP CABLL 15ML;500,00;15.0000;0,00
TINTURA PALETTE CASTAÑO OSCURO X  100 ML ;6500,00;2.0000;5356,00
TINTURA PALETTE VIOLETA PROFUNDO X 100 ML ;6500,00;0.0000;5356,00
TRATAMIENTO TINTE CASTAÑO PALLETE;6500,00;3.0000;5356,00
TINTE IGORA VITAL RUBIO OSCURO  X  83 GR;7800,00;9.0000;0,00
TINTE IGORA VITAL RUBIO OSCURO  X  83 GR;7800,00;1.0000;0,00
CREM PEINAR KONZIL REP DEF X 15 ML;500,00;24.0000;0,00
SHAMP + ACOND KONZIL SEDA LIQU X 20 ML;500,00;12.0000;0,00
MAIZENA FECULA DE MAIZ;1600,00;4.0000;1145,00
MAIZENA PURA FECULA DE MAIZ ;5800,00;2.0000;4833,00
NATILLA  MAIZENA ;4800,00;1.0000;0,00
NATILLA AREQUIPE MAIZENA ;4900,00;2.0000;0,00
NATILLA COCO MAIZENA;4800,00;2.0000;0,00
SALSA DE TOMATE FRUCO X 400GR;5200,00;1.0000;4534,00
MAYONESA FRUCO;3500,00;1.0000;0,00
MAYONESA FRUCO ;6300,00;2.0000;0,00
SALS TOMAT FRUCO EXTRA CONT X 500 GR;5450,00;2.0000;4539,00
SALSA DE TOMATE FRUCO P900LL1000GR;9300,00;2.0000;0,00
SALSA ROSADA FRUCO ;2850,00;1.0000;2378,00
MAYONESA FRUCO;550,00;19.0000;0,00
SALSA DE TOMATE FRUCO;550,00;11.0000;0,00
SALSA DE TOMATE FRUCO x 200GR;3100,00;1.0000;2559,00
SALSA ROSADA FRUCO;550,00;7.0000;0,00
PASTA  DE TOMATE FRUCO 200GR;2800,00;2.0000;0,00
MARGARINA RAMA SAL X 250GR;4000,00;7.0000;3467,00
MARGARINA RAMA SAL X 500GR;7800,00;1.0000;6776,00
MARGARINA RAMA LIGHT X 250 GR;4400,00;3.0000;0,00
MARGARINA RAMA LIGHT X 500 GR;8550,00;1.0000;0,00
COLADA MAIZENA AREQUIPE SOBRE X 30GR;850,00;23.0000;0,00
COLADA MAIZENA FRESA SOBRE ;850,00;5.0000;0,00
COLADA MAIZENA VAINILLA SOBRE X 30GR;850,00;17.0000;0,00
MARGARINA RAMA;600,00;26.0000;0,00
SALSA DE TOMATE FRUCO;850,00;15.0000;655,00
MAYONESA FRUCO 90GR;850,00;17.0000;655,00
MAYONESA FRUCO ;3600,00;2.0000;2944,00
SALSA DE TOMATE FRUCO;3100,00;1.0000;2565,00
SALSA ROSADA FRUCO X 90GR;800,00;8.0000;0,00
CREMA CASERITA CHAMPIÑONES KNORR X 50GR;1000,00;3.0000;834,00
CREMA CASERITA KNORR DE POLLO X 50GR;1000,00;9.0000;0,00
CREMA CASERITA POLLO CHAMPIÑONES KNORR X 50 GR;1000,00;5.0000;0,00
SALSA FRUCO MAYO-MOSTAZA X 200 GR;3550,00;4.0000;0,00
SALSA FRUCO MAYO DULCE X 200 GR;3550,00;1.0000;0,00
MAYONESA FRUCO PAGUE 700 GR LLEVE 1000 GR ;8000,00;2.0000;0,00
AGUARDIENTE ANT. BOTELLA;23000,00;3.0000;21700,00
AGUARDIENTE ANT. MEDIA;12800,00;11.0000;0,00
AGUARDIENTE ANT. TETRA x 1060 ML;28000,00;4.0000;0,00
AGUARDIENTE ANT. S/A BOTELLA;25800,00;2.0000;0,00
AGUARDIENTE ANT. S/A MEDIA;13900,00;4.0000;0,00
AGUARDIENTE ANT. S/A TETRA x 1060 ML;31000,00;0.0000;0,00
AGUARD ANTIOQUEÑO SIN AZU X 250 ML;8500,00;4.0000;7900,00
AGUARDIENTE REAL 1493;41000,00;2.0000;0,00
AGUARDIENTE ANT. S/A GARRAFA;61200,00;4.0000;0,00
RON MED. AÑEJO BOTELLA;28000,00;2.0000;26200,00
RON MED. AÑEJO MEDIA;15100,00;3.0000;14100,00
RON MED. AÑEJO TETRA;33700,00;2.0000;0,00
RON MED. AÑEJO TETRA 250CC;9500,00;0.0000;0,00
RON MED. AÑEJO GARRAFA;65300,00;0.0000;0,00
RON MEDELLIN AÑEJO 3 AÑOS X 260 ML;9700,00;3.0000;9000,00
DORITOS MEGA QUESO X 38GR;1000,00;10.0000;893,00
DORITOS CHILE PICANTE X 38 GR;1000,00;4.0000;0,00
NATUCHIPS PLÁTANO VERDE X 43GR;1100,00;4.0000;0,00
NATUCHIPS PLÁTANO MADURO X 43 GR;1100,00;17.0000;945,00
CHEESE TRIS DUO +TOCINETA PAQ X 38 GR;800,00;4.0000;0,00
CHEESE TRIS X 52GR;900,00;16.0000;685,00
CHICHA AMERI JACKS NAT X 13GR;900,00;5.0000;0,00
CERVEZA PILSEN LATA;2000,00;14.0000;1387,00
CERV PILSEN RETO X 330 ML;1600,00;3.0000;1100,00
DESOD. YODORA  TALCO DESOD. ;11000,00;2.0000;0,00
LONJA PASTA DE GUAYABA DOÑA BUAGABA X 300GR;1950,00;2.0000;0,00
HARINA PAN BLANCA;1350,00;3.0000;1125,00
HARINA PAN BLANCA ;2700,00;2.0000;2231,00
HARINA PAN AMARILLA ;2600,00;1.0000;0,00
HARINA PAN MAIZ DULCE;2350,00;1.0000;0,00
HARINA PAN AMARILLA ;1300,00;2.0000;0,00
HARINA PAN MAIZ BCO X 500 GR;1350,00;0.0000;0,00
SPAG DORIA SAB RANCH X 250 GR;1950,00;2.0000;0,00
PASTA MOUNST FIG DORIA X 190 GR;900,00;3.0000;0,00
SPAGUETTI DORIA CLASICA x 250GR;1350,00;16.0000;1109,00
FIDEOS DORIA X 250 GR;1350,00;3.0000;0,00
CABELLOS DE ANGEL DORIA 250 GR;1350,00;6.0000;1164,00
MACARRONES DORIA;1350,00;5.0000;1109,00
CONCHAS DORIA 250GR;1350,00;7.0000;1109,00
PASTA CONCHOTAS DORIA;1350,00;6.0000;1164,00
PASTA LETRAS DORIA;1350,00;4.0000;0,00
ARGOLLITAS DORIA 250GR;1350,00;4.0000;1164,00
CODOS DORIA 250 GR;1350,00;4.0000;0,00
RIGATONI DORIA CLASIC ;1350,00;1.0000;0,00
TORNILLO DORIA CLASIC ;1350,00;3.0000;0,00
SPAGHETTI BUCATINI DORIA X 250 GR;1350,00;5.0000;1164,00
SPAGUETTI DORIA CLASICA x 500GR;2200,00;2.0000;0,00
MACARRONES CON SALSA DE QUESO DORIA X 210 GR;2000,00;5.0000;0,00
SPAGUETTI DORIA HUEVO ;1950,00;2.0000;0,00
TORTELLINI CON VERDURAS DORIA X 250 GR;5000,00;1.0000;0,00
LASAGNA DORIA PRECOCIDA X250GR;3750,00;2.0000;3247,00
CHOCOLATE LUKER AMARGO;2100,00;2.0000;0,00
CHOCOLATE EN POLVO;1950,00;1.0000;0,00
CHOCOEXPRESSS S/AZUCAR ;2800,00;0.0000;0,00
CHOCOEXPRESSS CLAVOS Y CAN.;2850,00;2.0000;0,00
CAFE AROMA POLVO X 10GR;900,00;11.0000;750,00
CAFE LUKAFE CLASICO ;8250,00;1.0000;7182,00
SARDINA SALSA T. VIKINGOS ;3850,00;5.0000;3190,00
JABON BARRA CRISTALINO FRUTOS AMARILLOS X 125 GR;1500,00;5.0000;0,00
JABON EN BARRA PIROPO CHANTILLY Y MORA X 125 GR;1100,00;3.0000;0,00
BARRA JABON BIO SPA FRUIT SOAP MANZANA;1500,00;1.0000;0,00
BARRA JABON BIO SPA FRUIT SOAP;1500,00;2.0000;0,00
BARRA JABON PIROPO ALOE VERA;1100,00;3.0000;0,00
JUG HIT MORA TETRAPACK 200ML;1000,00;854.0000;0,00
AGUA CRISTAL POSTOBON ;1500,00;16.0000;1255,00
MANZ POSTO NO RET 3125 ML;5000,00;13.0000;0,00
COLOMBIANA NO RET 3125 ML;5000,00;15.0000;3930,00
MR TEA LIMON 300 ML;1400,00;19.0000;0,00
AGUA BOLSA CRISTAL;400,00;1.0000;230,00
TUTTI FRUTI MANGO;800,00;5.0000;575,00
TUTTI FRUTI MORA;800,00;0.0000;575,00
REFRE TUTTI FRUTTI SOBR SALPIC X 200 ML;800,00;2.0000;575,00
AGUA H2OH LIMA LIMON;2100,00;5.0000;0,00
AGUA H2OH MARACUYA;2100,00;1.0000;0,00
COLOMBIANA PET;2100,00;6.0000;1487,00
NARANJADA PET;2100,00;1.0000;0,00
UVA PET;2100,00;0.0000;1724,00
PEPSI X 1500 ML;2100,00;0.0000;1724,00
AGUA H20H LIMA LIMON;3000,00;4.0000;0,00
MR TEA LIMON 500ML;1600,00;12.0000;0,00
JUG HIT MANGO 300ML;1350,00;0.0000;0,00
JUG HIT MANGO 300ML;1350,00;3.0000;949,00
MR. TEA LIMON 1500 ML;3000,00;3.0000;0,00
GASEOS COLOMBIANA 40ML PET;1600,00;1.0000;0,00
BEBIDA NARAJAN HIT 250ML;800,00;23.0000;666,00
BEBIDA NARAJAN HIT 500ML;1000,00;7.0000;0,00
BEBIDA CON JUGO DE NARANJA HIT X 2000 ML ;2200,00;9.0000;1874,00
BEBI CON JUG HIT NARAJ X 2.5 LT;3400,00;7.0000;0,00
MANZ POSTO MINI NO RET X250 ML;850,00;0.0000;0,00
COLOMBIANA MINI NO RET X 250 ML;850,00;0.0000;0,00
SALSA ROSADA;2500,00;3.0000;1813,00
MOSTAZA TIPO AMERICANO;2150,00;1.0000;1878,00
MERMELADA FRESA LA CONT. ;2400,00;1.0000;0,00
MERMELADA DE PIÑA DP ;2400,00;1.0000;1978,00
MOSTANEZA  LA CONSTANCIA;3350,00;2.0000;2779,00
SALSA TARTARA;3150,00;2.0000;0,00
VINAGRETA LA CONSTANCIA X 325 GR;4500,00;1.0000;0,00
MAYON LA CONSTACIA SOBR X 90 GR;700,00;11.0000;590,00
SALSA TOMATE  LA CONTANCIA;1900,00;5.0000;1490,00
MAYONESA BAJA EN GRASA;2400,00;1.0000;1980,00
MOSTANEZA RANCHERO;3350,00;2.0000;0,00
SALSA NEGRA LA CONSTANCIA 110GR;1000,00;0.0000;0,00
SALSA CIRUELA LA CONSTANCIA ;2300,00;0.0000;1748,00
SALSA DE PIÑA LA CONSTANCIA ;2300,00;3.0000;1748,00
SALSA DE TOMATE LA COSTANCIA 90GR;700,00;7.0000;589,00
SALSA MOSTANEZA LA CONSTANCIA 90 GR;1100,00;14.0000;763,00
SALSA TARTARA LA CONSTANCIA 90GR;1100,00;11.0000;786,00
MERMELADA DE FRESA LA CONSTANCIA 90GR;750,00;2.0000;0,00
SALS BBQ LA CONSTACIA SOB X 90 GR;800,00;2.0000;0,00
LECHE CONDENSADA DP;1400,00;0.0000;939,00
MERMELADA MORA LA CONSTANCIA;700,00;1.0000;659,00
SALS. ROSA. LA CONSTANCIA;800,00;19.0000;708,00
MOSTAZA TIPO AMERC LA CONSTANCIA 90GR;800,00;1.0000;0,00
MAYONESA LA CONSTANCIA ;5250,00;2.0000;0,00
SALSA TOMATE LA CONSTANCIA;4200,00;1.0000;3495,00
SALSA SOYA LA CONSTANCIA X 110 ML;1400,00;6.0000;0,00
CHOCO KRISPIS X 20 GR;500,00;3.0000;0,00
ZUCARITAS KELLOGS X 20 GR;500,00;7.0000;0,00
MEGAPAKETICOS ZUCARITAS X 130GR;2500,00;2.0000;0,00
ZUCARITAS KELLOGGS ;7800,00;2.0000;0,00
SACHET ZUCARITAS X 35 GR;900,00;2.0000;0,00
CHOCO KRISPIS KELLOGG´S X 35GR;900,00;18.0000;702,00
ZUCARITAS KELLOGG´S PAKETICOS X 35GR;900,00;20.0000;0,00
MARGARINA CAMPI CON SAL ;6850,00;1.0000;5966,00
MARGARINA CAMPI LIGTH ;7350,00;1.0000;6375,00
MARGA CAMPI PAISA X 125 GR;1600,00;0.0000;1291,00
ACEI GOURMET FAMILIA X 500 ML;4500,00;5.0000;0,00
ACEITE SOLIDO Z X 250 GR;1200,00;6.0000;0,00
ACEITE SOLIDO VEGETAL FRACCIONADO OLIOSOYA X 500 GR;2150,00;1.0000;0,00
ACEITE LA SEVILLANA X 250 ML;1100,00;2.0000;0,00
ACEITE LA SEVILLANA X 1000 ML;3950,00;5.0000;0,00
MARGARINA CAMPI LIGHT X 250 GR;3850,00;1.0000;3352,00
MARGA CAMPI X 125 GR;1100,00;3.0000;882,00
MARGARINA  CAMPI CON SAL X 250 GR;3650,00;0.0000;3351,00
LACA SUAVE K. LAC COJIN;1800,00;1.0000;0,00
LACA FUERTE HLEER LAC ;1800,00;1.0000;0,00
LACA FUERTE  KLEER LAC ;3000,00;1.0000;0,00
ACEITE GOURMET FLIA. X 1000 ML;8600,00;4.0000;0,00
ACEITE GOURMET FLIA.;25100,00;0.0000;22760,00
ALMENDRA FRANCESA X 135GR;3500,00;0.0000;0,00
SERVILLETA FAVORITA;1950,00;5.0000;1670,00
SERVILLETAS CORTADAS FAVORITA X 200 UN;1200,00;5.0000;1033,00
AZUCAR MORENA RIOPAILA X 500GR;1100,00;1.0000;900,00
AZUCAR MORENA RIOPAILA X 2500GR;5100,00;2.0000;0,00
AZUCAR RIOPAILA X 500 GR;1100,00;58.0000;890,00
AZUCAR RIOPAILA X 2500 GR;5100,00;1.0000;0,00
AZUCAR RIOPAILA STICK;3500,00;1.0000;2906,00
LECHE UHT ENTERA COLANTA ;2400,00;11.0000;2180,00
LECHE EN POLVO ENTERA COLANTA;13800,00;4.0000;12500,00
LECHE EN POLVO ENTERA COLANTA X 400 GR;6350,00;10.0000;0,00
LECHE EN POLVO ENTERA COLANTA X 200 GR;3650,00;10.0000;3300,00
LECHE EN POLVO ENTERA COLANTA SBRE 25GR;550,00;11.0000;0,00
LECHE EN POLVO DESLAC COLANTA ;7300,00;7.0000;0,00
LECHE EN POLVO DESCREM. COLANTA ;6700,00;4.0000;0,00
QUESO COLANTA 125 GR;1900,00;2.0000;1653,00
QUESO COLANTA X 500 GR;7200,00;2.0000;6526,00
QUESO COLANTA X 250 GR;3800,00;0.0000;3286,00
QUESO MOZARELLA COLANTA LONCH;5200,00;4.0000;4494,00
QUESO CREM COLANTA 400GR;4900,00;2.0000;4244,00
QUESO CREM COLANTA 230 GR;2900,00;1.0000;2528,00
MANTEQUILLA COLANTA SAL ;2950,00;0.0000;0,00
MANTEQUILLA COLANTA BARRA ;1650,00;2.0000;0,00
YOGURT FRESA BOLSA ;550,00;4.0000;460,00
YOGURT MELOCOTON BOLSA ;550,00;3.0000;460,00
YOGURT MORA BOLSA ;550,00;3.0000;460,00
SUPER BOOM AZUCARADO COLANTA ;1500,00;2.0000;1083,00
CHORIZO TERNERA COLANTA;7800,00;2.0000;7074,00
CHORIZO CAMPESINO 50 GR X 10UN;7200,00;0.0000;0,00
CHORIZ CAMPESINO MONTEFRIO X 250 GR;3850,00;1.0000;0,00
MORCILLA MONTEFRIO COLANTA 4UN X 250GR;2400,00;0.0000;0,00
BUTIFARRA MONTEFRIO X 500 GR;5300,00;1.0000;4624,00
JAMON MONTEFRIO X 500 GR;7500,00;1.0000;6508,00
JAMON COLANTA X 250 GR;3850,00;1.0000;3348,00
CARNE HAMBURGUESA MONTEFRIO X 500 GR;5850,00;2.0000;5094,00
ALBONDIGON COLANTA ;4500,00;2.0000;0,00
TOCINETA AL VACIO COLANTA;4800,00;5.0000;4149,00
CERTS FRUTA ;1000,00;8.0000;0,00
SPARKIES ;700,00;16.0000;530,00
GOMA DE MASC TRIDENT SAND TWIST 20 % + X10.2 GR;1000,00;1.0000;716,00
CHICLETS TRIDENT SANDIA 5,3GR;500,00;11.0000;0,00
CHICLE TRIDENT MENTA;500,00;14.0000;0,00
GOM DE MASC MORA AZUL X 5.3 GR;500,00;11.0000;304,00
CHICLE TRIDENT FRESH INTENSE X 5.1 GR;500,00;0.0000;304,00
CHI. ADAMS EXTEND DURA MAS TUTTI FRUTTI X 11.6 GR;400,00;0.0000;250,00
ESPONJA DOBLE USO BON BRIL JUNIOR X 1 UN;650,00;0.0000;0,00
LIMPIDO REGULAR X 450ML;1100,00;12.0000;893,00
ACEITE Z X 250 ML;1200,00;9.0000;1052,00
ACEITE VEGETAL Z X 500 ML;2200,00;4.0000;1922,00
ACEITE ZETA SUPER FRY ;4200,00;6.0000;3660,00
VASO POLICOLOR TUC 7.0 ONZ X 50 UN;1300,00;5.0000;1017,00
LIMPIAV. ASTRAL ;5950,00;0.0000;0,00
LIMP. DESG. CITRICO PIST.;6950,00;0.0000;0,00
INSECTISIDA EXTERMIN X 250 ML;7600,00;1.0000;6314,00
MARGARINA LA FINA;1400,00;4.0000;1220,00
MARGARINA LA FINA X 250 GR;2700,00;0.0000;2375,00
MARGARINA FINA SUAV;3250,00;2.0000;0,00
POLVO LIMPIADOR 1A 750GR;3400,00;4.0000;0,00
DET POLVO 1A;2300,00;0.0000;0,00
JABON REY BARRA X 300GR;1350,00;42.0000;1100,00
DETERG.DERSA LIMON X1000GR;4650,00;7.0000;3875,00
DET DERSA LIMON 500GR;2350,00;8.0000;1937,00
DETERG.DERSA FLORAL X 1000 GRS;4650,00;4.0000;3875,00
DETERG.DERSA FLORAL;2350,00;2.0000;1937,00
DETERG.DERSA  AZUL;2300,00;0.0000;0,00
SUAVIZANTE DERSA LIBRE ENJUAGUE X 100 ML;400,00;8.0000;0,00
SALSA AJI RESPIN ;1350,00;0.0000;1107,00
ESENCIA VAINILLA RESPIN;1550,00;2.0000;1275,00
SALSA NEGRA RESPIN ;1250,00;1.0000;0,00
SALSA BBQ. RESPIN X 180 GR;1750,00;2.0000;1505,00
LECHE ENT ALQUERIA X 1100 ML;2300,00;0.0000;2112,00
CREMA DE LECHE L.V. ALQUERIA X 200 ML;1800,00;7.0000;1535,00
LECHE ENTERA LARGA VIDA PURO CAMPO X 900 ML;1500,00;3.0000;1400,00
CREM LECHE ALQUERIA 125 GR;1100,00;1.0000;935,00
REFRE TANGELO CITRUS PUNCH X 250 ML;500,00;0.0000;296,00
LECHE ENTERA ALQUERIA X 400 ML ;1000,00;2.0000;0,00
LECHE ALQUERIA DESLACTOSADA X 1000 ML;2600,00;1.0000;0,00
ACEITE VIVI X 250 ML;1300,00;4.0000;0,00
CHOKIS FRITO LAY X 19GR;600,00;21.0000;457,00
PAP FRIT POLLO MARGARITA PAKETÓN X 48GR;1200,00;7.0000;1117,00
PAPAS FRITAS MARGARITAS NATURAL X 30GR;1100,00;15.0000;945,00
PAPITAS  DE POLLO MARGARITA  X 30 GR;1100,00;15.0000;945,00
PAPAS MARGARITA LIMON X 30 GR;1100,00;2.0000;945,00
GUDIZ FRITO LAY X 30GR;500,00;14.0000;410,00
CHEETOS HORNEADOS MAXI FAMILIAR X 56GR;900,00;4.0000;771,00
GALLETA CHIPSOS PAQ;500,00;0.0000;0,00
GALLETA FLORENTINA FRESA PAQ;500,00;8.0000;415,00
GALLETAS QUAKER CON AVENA UVAS PASAS X 30GR ;700,00;2.0000;0,00
GALLETAS QUAKER CON AVENA MANZANA CANELA X 30GR;700,00;2.0000;0,00
PAPA LIMON MARGARITA X 115 GR;2600,00;7.0000;1945,00
PAPAS NATU MARGARITA X 115 GR;2500,00;2.0000;1950,00
PAPAS POLLO PAQUETÓN FAMILIAR MARGARITA  X 115GR;2600,00;3.0000;1945,00
GALL FLORENTINAS AREQ PAQ;500,00;3.0000;0,00
FOSFORITOS A LA MESA X 185 GR;3000,00;0.0000;0,00
GALLETAS QUAKER CON AVENA CHOCOLATE X 34GR ;700,00;5.0000;531,00
PAPAS MARGARITA TOMATE 32 GR;1100,00;4.0000;948,00
MECAT. SURTIDO   ECONOMICO. FRITO -  LAY;3800,00;0.0000;3424,00
DETODITO NATURAL;6000,00;0.0000;0,00
PALITOS FRITO LAY PAQ;600,00;9.0000;389,00
PAP MARAGARITA  OND SAB TOMTE X 110 GR;2500,00;2.0000;0,00
GALLETAS CON AVENA QUAKER 7 GRANOS X 405 G;3300,00;2.0000;0,00
GALLETAS QUAKER CON AVENA RUTOS ROJOS X 34GR ;700,00;0.0000;531,00
PAPAS OND MAYO. X 32GR;1100,00;3.0000;0,00
DE TODITO NATURAL X 160 GR;3100,00;0.0000;2633,00
DE TODITO BBQ X 160 GR;3000,00;2.0000;2633,00
DE TODITO LIMON X 160 GR;3100,00;4.0000;2633,00
DE TODITO MIX X 160 GR;3100,00;3.0000;2633,00
PAPAS COST. BBQ PAQ;1100,00;12.0000;945,00
PASABOC NATUCHIPS PLATA MADUR X 140 GR;2600,00;1.0000;0,00
NATUCHIPS PLATANO VERDE X 140 GR;2600,00;1.0000;2216,00
GALL AVENA FRUTAS Y CERL 24GR;500,00;3.0000;0,00
DORITOS MEGA QUESO X 190 GR;3000,00;1.0000;2550,00
GALL MAMUT BLANCO PAQ;400,00;7.0000;350,00
GALLETAS MAMUT X 2 UN X 26 GR;400,00;9.0000;350,00
GALL MAMUT BLANCA X 13 GR;200,00;36.0000;0,00
GALL MAMUT CHOCOLATE X 13 GR;200,00;92.0000;0,00
DORITOS QUES ATREV X 38 GR;1000,00;19.0000;893,00
PASABO NATUCHIPS OND LIMON X 40 GR;1100,00;8.0000;0,00
CHOCLITOS LIMON XXL X 240 GR;2500,00;3.0000;2215,00
DORITOS DINAMITA X 42G;800,00;2.0000;0,00
PAPAS MARGARITA RECETA CLASICA SAL X 40 GR;1200,00;7.0000;1117,00
PAPAS MARGARITA RECETA CLASICA X 40 GR;1300,00;11.0000;1117,00
DE TODITO 4 MAYO MOSTAZA X 37 GR;1300,00;3.0000;1117,00
DE TODITO 4 CON SALSA BBQ X 37 GR;1300,00;6.0000;0,00
DE TODITO  4 MUSLITOS DE POLLO X 48 GR;1300,00;5.0000;0,00
DE TODITO 4 AREPITAS X 48GR;1300,00;9.0000;117,00
DE TODITO CHICHARRON X 48 GR;1300,00;10.0000;1117,00
DE TODITO BBQ X 48GR;1300,00;8.0000;1117,00
DE TODITO MIX PAQUETÓ X 48 GR;1300,00;6.0000;0,00
GALLETAS CHOKIS CHIPS DE CHOCOLATE X 4 UN X 40 GR;500,00;8.0000;396,00
GALLETA MAMUT MORA AZUL X 15G;200,00;14.0000;0,00
DORITOS POWER BBQ PICANTE X 57 GR;1300,00;1.0000;0,00
DORITOS POWER PARRILLADA X 57 GR;1200,00;2.0000;0,00
GALLETAS CHOKIS CHOCOLAT X 4 UN X 36 GR;300,00;16.0000;360,00
MANI MOTO FRITO LAY X 40GR;700,00;0.0000;0,00
CHICHARRON AMERICANO X 160 GR;5000,00;1.0000;4226,00
CHEETOS BOLIQUESOS X 21GR;600,00;8.0000;410,00
JAB BARRA COCO X 2;2350,00;5.0000;1959,00
JAB VARELA COCO X 200 GR;1650,00;1.0000;1372,00
DET POLVO FAB X 115 GR;950,00;8.0000;709,00
FAB MAXIMO PODER;1650,00;15.0000;1373,00
DET POLVO FAB CON SUAVITEL X 450 GR;3100,00;0.0000;0,00
DET LIQUI FAB X 1000 ML;8500,00;1.0000;0,00
VEL ROSITA PRENDAS DELICADAS X 1000 ML;10350,00;1.0000;0,00
DETERGENTE LIQUIDO VEL ROSITA COLORES OSCUROS X 1000 ML;10700,00;1.0000;8910,00
DET FAB SUPER OFERTA 2500GR;13200,00;0.0000;11333,00
JAB BARRA LUX PERFECCION CREMA;1600,00;3.0000;0,00
JAB BARR LUX SUAV PET X 110 GR;1600,00;1.0000;0,00
FAB PROGRESS X 900 GR;6450,00;2.0000;5351,00
DET EN POLVO FAB PART DE LIMP;3100,00;17.0000;2580,00
JAB BARR FAB MULTIUS X 300 GR;1500,00;1.0000;1248,00
DETERGENTE EN POLVO FAB X 900 GR;6450,00;5.0000;5351,00
JABON REXONA ALOE X 125 GR;1600,00;2.0000;0,00
JABON EN BARRA REXONA ACQUA FRESH X 125 GR;1600,00;4.0000;0,00
JABON PURO NATURAL X 235 GR;1350,00;5.0000;1141,00
SUAVIZANTE LAVO MATIC X 450 ML ;3500,00;1.0000;2885,00
DETERGENTE LÍQUIDO FAB 450m;3450,00;3.0000;0,00
DETERG.LIQ COCO;5200,00;2.0000;0,00
GATORADE UVA ;2300,00;5.0000;1833,00
GATORADE MANDARINA ;2300,00;6.0000;1833,00
GATORADE MARACUYA ;2300,00;0.0000;0,00
GATORADE MANDARINA ;3800,00;1.0000;0,00
GATORADE TROPICAL ;3800,00;0.0000;0,00
GATORADE TROPICAL ;2300,00;1.0000;1833,00
AVENA PANCHO HOJUELA;2000,00;3.0000;0,00
AVENA HOJUELA QUAKER ;1300,00;8.0000;1125,00
AVENA INST VAINILL QUAKER;3300,00;0.0000;0,00
PANDQ SANTAROSANO 5 UN;2600,00;4.0000;0,00
ARROZ PREMIUM CASTELLANO INTEGRAL X 1000GR;7000,00;2.0000;0,00
ARROZ CASTELLANO ;16700,00;0.0000;15553,00
ARROZ CARIBE VITA MAS X 2500 GR;9150,00;4.0000;8120,00
ARROZ CARIBE EXCELSO X 5000 GR;16800,00;0.0000;0,00
ARROZ KATIO X 450 GR;1400,00;7.0000;1288,00
ALGODÓN HIGIETEX ZIG ZAG X 25GR;600,00;0.0000;0,00
ALGODON HIGIETEX 50 GR;1200,00;2.0000;0,00
RODAJITAS HIGIETEX ;3700,00;2.0000;0,00
ESPONJILLA BONBRIL ;1400,00;5.0000;1117,00
CREMA HUMECTANTE LOTUS X 240 ML ;3800,00;1.0000;0,00
ALIMENTO CHUPABLE MANZANA LUKI X 90 GR;1650,00;1.0000;1369,00
ALIMENTO CHUPABLE PERA LUKI X 90 GR;1650,00;2.0000;1369,00
ALIMENTO CHUPABLE FRESA BANANO LUKI X 90 GR;1650,00;0.0000;1369,00
ALIMENTO CHUPABLE MANGO LUKI X 90 GR;1650,00;0.0000;0,00
CUCHARAS GRANDES DESECHABLES DOMINGO 25 UN;1100,00;2.0000;866,00
PLATO DESECHABLE PEQUEÑOS DOMINGO 20UN ;1100,00;2.0000;0,00
PLATOS DESECH DOMINGO X 20 UN;1600,00;2.0000;1345,00
PLATOS DESECH DOMINGO X 20 UN;2550,00;0.0000;2100,00
CUCHARAS PEQUEÑAS DESECHABLES DOMINGO 25 UN;650,00;4.0000;0,00
COPAS DESECHABLES DOMINGO X 44ML X 50 UN;900,00;5.0000;0,00
DESECHABLES PLATO HONDO X 20 UN;3100,00;0.0000;0,00
CUCHILL DESECH DOMINGO X 25 UN;1200,00;0.0000;0,00
CEREZAS MARCHINO LA CORUÑA X 250 GR;6100,00;1.0000;5099,00
CREM DENT FORTIDENT X 29.7 GR;900,00;9.0000;0,00
SHAMPOO  EMBRION DE PATO SAVITAL X 550 ML;8800,00;1.0000;0,00
GEL  EGO EXTREME MAX 2.7OZ;800,00;12.0000;667,00
GELATINA FRUTIÑO SALPICON X 40 GR;1000,00;3.0000;843,00
LIGHT YA MORA;850,00;4.0000;0,00
JAB BARRA SABILA Y CREM;1600,00;4.0000;0,00
GELATINA FRUTIÑO SIN SABOR 40 GR;1750,00;4.0000;1446,00
LIGHT YA LULO ;850,00;12.0000;0,00
PULPA DE FRUTA PULPIFRUTA MARACUYA X 160 GR;1550,00;1.0000;1286,00
PULPA DE FRUTA PULPIFRUTA MANGO X 160 GR;1500,00;1.0000;0,00
FRUTIÑO NARANJA ;1100,00;7.0000;0,00
FRESCO FRUTIÑO SALPICON;1100,00;0.0000;0,00
REFRES POLV MARACUYA X 30 GR;700,00;4.0000;0,00
REFR. GUANABANAYA;700,00;10.0000;0,00
GELATINA FRUTIÑO FRESA 40 GR;1000,00;0.0000;702,00
GELATINA FRUTIÑO FRAMBUESA X 40 GR;1000,00;3.0000;702,00
GELATINA FRUTIÑO MORA X 40 GR;1000,00;1.0000;0,00
GELATINA FRUTIÑO NARANJA 40 GR;1000,00;2.0000;843,00
SHAMPOO SAVITAL CRECIMIENTO Y VI;2600,00;1.0000;2134,00
SHAMPOO SAVITAL CRECI VIDA;4450,00;0.0000;3689,00
GEL EGO  XTRM MAX 27 ML;600,00;17.0000;431,00
GEL EGO SOBR X 10ML;250,00;2.0000;0,00
GELATINA FRUTIÑO MAND/ X 40 GR;1000,00;0.0000;0,00
FRCO FRUTIÑO MANZANA;500,00;1.0000;0,00
REFR FRUTIÑO FRESA;500,00;13.0000;424,00
FRESCO FRUTIÑO LIMON;500,00;16.0000;0,00
REFR FRUTIÑO MARACUYA;500,00;0.0000;508,00
FRESCO FRUTIÑO MAND/NAR.;500,00;7.0000;0,00
FRESCO FRUTIÑO MORA;500,00;11.0000;0,00
FRESCO FRUTIÑO NARANJA;500,00;1.0000;408,00
FRESCO FRUTIÑO SALPICON;500,00;1.0000;0,00
REFR FRUTIÑO PIÑA X 18 GR;500,00;6.0000;0,00
FRCO FRUTIÑO UVA;500,00;14.0000;0,00
FRECO FRUTIÑO PIÑA NARANJA;500,00;3.0000;424,00
REFR FRUTIÑO MANGO;500,00;6.0000;508,00
JAB BARRA SABILA Y VITAM;1600,00;3.0000;0,00
AJIACO  PORCIONES LA SOPERA;850,00;7.0000;562,00
BATICREMA;1600,00;1.0000;0,00
BATILADO AREQUIPE;2250,00;0.0000;0,00
BATILADO VAINILLA;2250,00;1.0000;0,00
BATIHELADO VAINILLA X 82 GR;2250,00;1.0000;0,00
GELATINA FRUTIÑO SIN SABOR 15 GR;800,00;15.0000;727,00
ENERG VIVE 100;1600,00;6.0000;1300,00
SUNTEA QUALA  RINDE 4.5 LTS;5400,00;0.0000;3884,00
SUNTEA QUALA LIMON RNDE 4.5 LTS;5400,00;0.0000;3884,00
SUAV. AROMATEL ULTRA X2 X 900 ML;7300,00;1.0000;5231,00
OFERTA SUAVIZANTE AROMATEL ULTRA X 2 UN X 2000 ML C/U;16800,00;1.0000;13160,00
QUIPITOS POPS 8 GR;400,00;17.0000;410,00
CREMA CHAMPIÑONES LA SOPERA SOBRE;850,00;1.0000;0,00
SOBRE CREMA DE POLLO LA SOPERA;850,00;5.0000;562,00
ACONDICIONADOR SAVITAL KERATINA Y SABILA X 100 ML;2600,00;2.0000;2134,00
ACONDICIONADOR SAVITAL KERATINA Y SABILA X 530 ML;8800,00;0.0000;0,00
CREM PEIN SAVITAL KERAT SAB X 95 ML;2500,00;1.0000;2134,00
SHAMPOO SAVITAL KERATINA Y SABILA X 100 ML;2600,00;2.0000;2134,00
SHAMPOO SAVITAL KERATINA Y SABILA X 550 ML;8800,00;0.0000;0,00
CREMA PEINAR SAVITAL KERITINA SABILA X 25 ML;500,00;6.0000;0,00
ACONDI SAVITAL KERATINA SABILA X 30 ML;500,00;19.0000;400,00
TE SUNTEA MARACUYA 266GR;5400,00;0.0000;3884,00
SHAMPOO SAVITAL KERATINA SABILA X 30 ML;500,00;16.0000;400,00
GEL EGO EXTREME X 120 ML;2000,00;2.0000;1670,00
SHAMPOO SAVITAL 2 EN 1 X 100 ML  ;2600,00;1.0000;0,00
MEGA PAQUETE POPETAS CON CARAMELO X 47 GR;1000,00;0.0000;832,00
ENERGIZANTE VIVE 100 X 400 ML;2000,00;9.0000;1730,00
SHAMPOO BIO EXPERT REVI + REP X 350 ML;10600,00;0.0000;0,00
SHAMPOO BIO EXPERT REVI + HID 2 EN 1 X 350 ML;10500,00;1.0000;0,00
SHAMPOO BIOEXPERT REVITALIZACION Y CONTROL CAIDA X 350 ML;10500,00;1.0000;0,00
AROMATEL ULTRA SUAVIZANTE  X 50ML;250,00;0.0000;208,00
REFRESCO EN POLVO FRUTIÑO NARANJA-ZANAHORIA X 18 GR;500,00;9.0000;0,00
MEGA PAQUETE POPETAS SABOR A QUESO  X 47 GR;1000,00;1.0000;832,00
BOKA DURAZNO 18 GR;500,00;6.0000;0,00
TÉ SUNTEA CON GAS DURAZNO X 400 ML;1400,00;0.0000;1097,00
TE SUNTEA CON GAS MARACUYA X 400 ML;1400,00;0.0000;1097,00
SUN TEA MANZANA X 30 GR;700,00;15.0000;0,00
TE EN POLVO  SUNTEA LIMON X 30 GR ;750,00;0.0000;609,00
 TE EN POLVO SUNTEA MARACUYA X 30 GR ;750,00;7.0000;609,00
FORTIDENT CUATRI ACCION BLANQUEADORA CON BICARBONATO X 60 ML;1600,00;2.0000;1335,00
SUAVIZANTE AROMATEL X 360ML;2200,00;8.0000;1832,00
ATUN VAN CAMPS ACEITE ;4150,00;5.0000;3437,00
ATUN VAN CAMPS AGUA ;4050,00;16.0000;3375,00
GEL FIJADOR KROLL K 5 X 100 GR;2300,00;6.0000;1860,00
SALCHICHON RICA;3400,00;3.0000;2830,00
PAP HIEGI SCOTT JUMBO X 1  UN;1100,00;24.0000;0,00
KOTEX PH BALANCEADO X 15 UN;1600,00;4.0000;0,00
TOALLA SCOTT DURAMAX X 1 UN;6700,00;0.0000;0,00
KOTEX ULTRAFINA TELA X 12 UN;2950,00;8.0000;0,00
MAQ DE AFEITAR BIC DOBLE HOJA X 1 UN;900,00;29.0000;622,00
SALSA TOMATE BARY S/T;1000,00;0.0000;0,00
SALSA TOMATE BARY C/T ;1700,00;6.0000;11724,00
SALSA DE SOYA BARY X 165 ML;1350,00;0.0000;0,00
SALSA PARA CARNES BARY ;1500,00;5.0000;0,00
SALSA INGLESA BARY ;1450,00;1.0000;0,00
SALSA CHINA BARY ;1100,00;4.0000;955,00
VINAGRE BLANCO BARY X 500 ML;1200,00;1.0000;0,00
DEO.MEXSANA SPRAY ANTBACT ;10600,00;1.0000;0,00
TALC MEXANA 30GR;2000,00;3.0000;1411,00
TALCO MEXSANA X 85 GR;5750,00;0.0000;4803,00
TALCO ANTB. LADY MEXSANA ;10500,00;2.0000;8753,00
ARROZ DIANA PREMIUM X 500 GR;1600,00;12.0000;0,00
SERV POPULAR X 200 UN;1000,00;0.0000;0,00
SERV. POPULAR PRECOR. X 330 UN;1850,00;1.0000;0,00
GATSY CARNE ARROZ MAIZ;3450,00;0.0000;2795,00
GATSY PESC. ARROZ ESPI;3450,00;0.0000;2795,00
DOG CHOW AD. R/M Y GRANDES;2300,00;13.0000;1963,00
DOG CHOW CACHORROS DE 1 A 15 MESES X 400 GR;2300,00;6.0000;1963,00
REFRESC DEL VALLE NARANJA X 1,75 LT;2200,00;6.0000;1875,00
JUGO DEL VALLE FRESH MANDARINA X 1.75 LT;2200,00;9.0000;1875,00
REFR. FANTA NARANJA X 1500;2200,00;3.0000;1766,00
GASEO FANTA MANZANA X 1500 ML;2200,00;5.0000;1766,00
COCA COLA;2200,00;3.0000;0,00
JUGO DEL VALLE FRESH NARANJA X 400 ML ;1050,00;1.0000;875,00
GASEOSA QUATRO TORONJA X 192 ML;550,00;1.0000;0,00
GASEOS QUATRO 350ML;1250,00;11.0000;0,00
GASEOSA QUATRO TORONJA ;5200,00;4.0000;0,00
GASEOSA SPRITE ;5200,00;3.0000;4335,00
COCA COLA ZERO;4800,00;3.0000;0,00
BEB HDRAT POWERADE FRT TROP X 500 ML;2000,00;3.0000;0,00
BEBIDA HIDRATANTE POWER ADE X 500 ML ;2000,00;2.0000;0,00
COCACOLA FLEXI;1600,00;8.0000;0,00
SPRITE FLEXI;1600,00;8.0000;0,00
SPRITE ZERO 600 ML;1600,00;4.0000;1325,00
GASEOSA PREMIO RET 1250 ML;1800,00;2.0000;1341,00
COCACOLA LIGHT;4800,00;1.0000;0,00
GASEOS QUATRO;1800,00;0.0000;0,00
TE FUZE NEGRO DURAZNO;1700,00;0.0000;1416,00
TE FUZE NEGRO LIMON;1700,00;1.0000;1416,00
BEB CON JUG DEL VALLE NARANJ X 2.5 L;3300,00;0.0000;2812,00
GASEOSA QUATRO TORONJA X 1400 ML ;2200,00;5.0000;0,00
GASEOSA SPRITE X 1400 ML;2200,00;1.0000;0,00
GASEOSA PREMIO X 1400ML;2200,00;1.0000;0,00
JAB BARRA MULTIUSOS ;1800,00;2.0000;0,00
ARROZ ROA X 500 GR;1800,00;18.0000;1600,00
ALGODON ZIG ZAG JGB;1200,00;9.0000;0,00
CEP. FLUO CARDENT DIAM. KIDS;2900,00;0.0000;2402,00
ALCOHOL ANTISEPT JGB ;2650,00;14.0000;2024,00
ALCOHOL ANTISEPT JGB ;1650,00;2.0000;1352,00
CREM DIENTES NIÑOS;4150,00;0.0000;3469,00
KOLA GRANULADA TRAD TARRITO ROJO 135 GR;5550,00;3.0000;0,00
KOLA GRANULADA  SOBR. 30GR;1000,00;11.0000;728,00
KOLA GRANULADA TRAD TARRITO ROJO 330 GR;9500,00;2.0000;0,00
CEPELLO DENTAL FLUO CARDENT MULTI ACCION X 1 UN;1500,00;0.0000;911,00
REMOVEDOR DE ESMALTE SUAVISOL X 35 ML;2550,00;6.0000;1767,00
ENJUAGUE  FLUO CARDENT KIDS X 250 ML;6550,00;2.0000;0,00
CONDON MYSTIC JGB LONG ACTION ;1200,00;0.0000;1216,00
GASEOS PREMIO  350 ML;1300,00;7.0000;0,00
CERA MANSION BRILLO ROJO ;6950,00;1.0000;0,00
CERA MANSION BRILLO BLANCA;7000,00;1.0000;0,00
CERA MANSION BLANCA ;12650,00;1.0000;10537,00
LIMP. EASY OFFBANG + REPUESTO DOYPACK;11000,00;1.0000;9163,00
DET. VANISH  PRELAV. PIST;11850,00;1.0000;0,00
DET. VANISH LIQ. PROCOLOR;3800,00;1.0000;0,00
DET. VANISH PODER 02 INTELLI;9700,00;1.0000;0,00
VANISH SIN CLORO 30GR;1300,00;3.0000;1104,00
LIMP. EASY OFFMULTI BANG PIST. ;8600,00;1.0000;7182,00
DET. VANISH QUITA MANCHA;3200,00;0.0000;0,00
BLANQ VANISH PODER O BLANC TOTAL;1400,00;12.0000;1104,00
REMO DE MANCH VANISH MAX X 150 ML;1600,00;6.0000;1333,00
CERA FLORAL BRILLO INSTANTANEO;1750,00;2.0000;0,00
VANISH BLANCO TOTAL X 400 ML;3100,00;0.0000;0,00
VANISH SIN CLORO BLANCOS MAS BLANCOS X 100 ML;1000,00;5.0000;0,00
TE HINDU ORIGINAL;2100,00;1.0000;0,00
AROMAT.  HINDUYERBABUENA;2100,00;2.0000;0,00
AROMAT.  HINDU MANZANILLA 20 GR;2100,00;0.0000;0,00
AROMAT.  HINDU LIMONCILLO;2100,00;2.0000;0,00
AROMAT.  HINDU CIDRON;2100,00;1.0000;0,00
TE HELADO POLV HINDU LIMON X 60 GR;700,00;11.0000;0,00
TE HINDU X 20 UN X 28 GR;6200,00;4.0000;0,00
LONJA GUAYABA;1650,00;4.0000;0,00
LONJA  GUAYABA;1350,00;1.0000;0,00
LONJA FAMILIAR COLRES;3600,00;1.0000;0,00
LONJA ECONOMICA COLORES;1600,00;2.0000;0,00
MERMELADA DE GUAYABA EL CARIBE X 200 GR ;1200,00;0.0000;0,00
GOLOSI AREQUIPE X 90 GR;1000,00;3.0000;828,00
PAN TAJADO JUANCHO PAN X 400 GR;2000,00;1.0000;1649,00
TOSTADAS JUANCHOPAN;1100,00;21.0000;842,00
GALLETA CUCA CARIBE;1400,00;1.0000;984,00
ARROZ ACHOCOLATADO EL CARIBE X 180 GR;2900,00;2.0000;0,00
HOJUELA AZUARADA EL CARIBE X 180 GR ;2900,00;1.0000;2480,00
CER. GRANOLA;2850,00;1.0000;2470,00
MASMELOS MAR SHMALLOWS X 24 UN X 360 GR ;4950,00;2.0000;0,00
FRIJOL CARGAM BCO CARIBE X 460 GR;5400,00;4.0000;4200,00
LENTEJA CARIBE X 460 GR;2000,00;3.0000;1676,00
VINAGRETA ADEREZOS 270 GR;4450,00;2.0000;3621,00
SALSA PASTA DE AJO ADEREZOS X 200 GR;2550,00;2.0000;0,00
SARDINAS EN SALSA LA SOBERANA ;1900,00;1.0000;1576,00
SARDINA SOBERANA ;3500,00;0.0000;0,00
PONQUE TRAD RAMO x 250 GR;2100,00;7.0000;1826,00
PONQUE RAMO GALA MARACUYA X 63 GR;800,00;0.0000;0,00
GALA TAJADA CHOCOLATE RAMO;800,00;1.0000;705,00
GANSITO RAMO X 45 GR;600,00;0.0000;458,00
GANSITO RAMO  X 37 GR;600,00;1.0000;0,00
GANSITO CHOCOLATE RAMO X 37 GR;600,00;0.0000;0,00
GANSITO RAMO MORA AREQ X 37 GR;600,00;3.0000;0,00
CHOCO BROWNIE RAMO AREQ X 65 GR;1500,00;5.0000;0,00
TRULULU AROS 100 UN X 600 GR;7950,00;1.0000;0,00
GOMAS TRULULU FEROZ X 19 GR;250,00;0.0000;0,00
GOMI TRULULU OSOS X 12 GR;200,00;36.0000;147,00
CUAJADA EL ZARZAL;3250,00;2.0000;2800,00
QUESO MOZAR EL ZARZAL X 250 GR;2800,00;3.0000;0,00
QUESO TIPO MOZZARELLA EL ZARZAL 16 UN X 250GR;5300,00;3.0000;0,00
YOGURT EL ZARZAL FRESA X 200 GR;700,00;16.0000;608,00
YOGURT EL ZARZAL MELOCOTON X 200 GR;700,00;10.0000;608,00
YOGURT EL ZARZAL MORA X 200 GR;700,00;18.0000;608,00
KUMIS EL ZARZAL150GR;800,00;8.0000;616,00
KUMIS EL ZARZAL ;4500,00;2.0000;3900,00
YOGURT FRESA  EL ZARZAL ;3600,00;2.0000;3099,00
YOGURT MELO  EL ZARZAL;3600,00;2.0000;3099,00
YOGURT MORA  EL ZARZAL ;3600,00;1.0000;3099,00
DURAZNOS EN MIT. DISPRONAT ;6200,00;2.0000;0,00
GRANOLA FAMILIAR ;4700,00;0.0000;0,00
GRANOLA FAMILIAR ;2350,00;4.0000;0,00
MIRRINGO GATOS X 500GR;2300,00;12.0000;1894,00
PASABOCAS BESOTES YUPI X28 GR;800,00;5.0000;600,00
PAPAS FRITAS MEKATO LIMON X 100 GR;2000,00;0.0000;1450,00
PAPAS LIMON MEKATO PAQ.;800,00;3.0000;600,00
PAPAS OND.MEKATO;800,00;5.0000;600,00
PAP FRIT CRESPAS MEKATO LIMON X 25 GR;800,00;11.0000;600,00
CAFE BASTIYA GRANULADO x 170GR;11300,00;2.0000;0,00
CAFE BASTIYA GRANULADO x 85GR;6200,00;6.0000;5380,00
CAFE LA BASTILLA SUAVE X 125 GR;2300,00;4.0000;1996,00
CAFE LA BASTILLA SUAVE x 250GR;4400,00;2.0000;0,00
CAFE LA BASTILLA SUAVE x 500GR;8000,00;0.0000;7250,00
CAFE BASTIYA AGLOM.;3800,00;7.0000;3270,00
CAFE INSTA GRAN BASTIYA X25 GR;1750,00;14.0000;0,00
TRIGUISAR X 20GR;500,00;8.0000;354,00
TRIGUISAR ECON. LA GRAN COCINA X 70 GR;1450,00;15.0000;0,00
COLOR ECON. LA GRAN COCINA X  70 GR;1450,00;1.0000;0,00
TRIGUISAR X 6 GR;300,00;2.0000;0,00
SALSA SOYA TRIGUISAR ;1400,00;1.0000;0,00
PALOMITAS YUPI CARAME X 68 GR;1000,00;0.0000;750,00
TOSTI AREPA YUPI X 28 GR;600,00;4.0000;400,00
TOCINETAS FRED 25GR+SALSA;700,00;1.0000;600,00
PAPAS FRITAS YUPI POLLO X 33 GR;1100,00;0.0000;0,00
TRATA CAPI GUSANO DE SEDA X 30 GR;1500,00;6.0000;0,00
ESPONJA BRILLANTE TODO USO X 1 UN ;1000,00;1.0000;790,00
AREPA MAIZ RELLENA DE QUESO ;3600,00;1.0000;3140,00
AREPA CHOCOLO SARY ;2200,00;4.0000;1835,00
VINO DE MANZANA CARIÑOSO;9500,00;0.0000;7336,00
VINO CARIÑOSO MANZANA ROSE X 750 ML;9500,00;1.0000;7336,00
VINO SANSON;12000,00;1.0000;9762,00
BLANQUEADOR BLANCOX POD NAT;1100,00;14.0000;832,00
BLANCOX REGULAR;2700,00;2.0000;0,00
BLANCOX REGULAR;5400,00;0.0000;0,00
BLANQUEADOR BLANCOX LIMON FUS;1300,00;0.0000;0,00
BLANCOX LIMON;2900,00;2.0000;0,00
SAL DIETETICA REFISAL;5100,00;2.0000;0,00
BLANCOX FLORAL;2900,00;2.0000;0,00
BLANCOX CITRUS TOTAL X 1000 ML;2900,00;2.0000;0,00
BLANCOX ROPA COLOR X 500 ML;2250,00;1.0000;0,00
DESMANCH LIQUI BLANCOX FLORA VITAL X 500 ML;2500,00;1.0000;0,00
BLANC. BLANCOX ROPA COLOR FLORAL 1000 ML;5500,00;3.0000;0,00
DESMANCH BLANCOX FLORA X 2000 ML;9200,00;2.0000;0,00
BLANCOX MANZANA EXTREME X 1000 ML;2900,00;1.0000;0,00
SALIMON REFISAL;1200,00;5.0000;0,00
LOZACREM ALOE VERA;2000,00;1.0000;0,00
LOZACREM ALOE VERA;3000,00;0.0000;0,00
LOZACREM ALOE VERA;5650,00;0.0000;0,00
BLANCOX ROPA COLOR X 500 ML;2250,00;2.0000;0,00
LOZACREM AVENA;3000,00;3.0000;2486,00
LOZACREAM AVENA;6100,00;1.0000;4717,00
LOZACREM LIQUIDO;5200,00;1.0000;0,00
LOZACREAM LIQ.;9500,00;1.0000;0,00
LAVALOZA LOZA CREM TE VERDE;6100,00;0.0000;0,00
SALERO REFISAL;600,00;0.0000;0,00
SAL DIETETICA REFISAL;2350,00;0.0000;0,00
BLANQUEADOR BLANCOX ROPA COLOR SUAVISANTE X 500ML;2250,00;0.0000;0,00
DESMANCH POLVO BLANCOX FLOR VIT X 30 GR;1000,00;10.0000;0,00
LOZA CREM ALOE  VERA;1000,00;1.0000;0,00
LOZACREAM LIQ . ANT.;9500,00;0.0000;7897,00
LIMPIA PISOS BLANCOX RELAJANTE LAVANDA Y EUCALIPTO X 900 ML;4700,00;0.0000;0,00
LIMPIA PISOS BLANCOX ENERGIZANTE X 900 ML;4300,00;0.0000;0,00
BLANCOX ENERGIZANTE NARAN/COCO. X 450 ML;2700,00;2.0000;2267,00
LIMPIA PISOS BLANCOX REFRESCANTE X 450 ML;2700,00;1.0000;2264,00
LIMP PISOS ROSA Y JAZMIN;2700,00;1.0000;2264,00
LOZA CREM LIQUIDO CITRUS X 400 ML;5200,00;1.0000;0,00
REPUESTO LOZA CREM CITRUS TOTAL X 130 GR;800,00;4.0000;0,00
BLANCOX DETERGENTE LIQUIDO X 110 ML;1000,00;3.0000;0,00
BLANCOX ROPA COLOR FLORA VITAL X 125 ML;700,00;31.0000;0,00
BLANCOX LIMPIA PISOS ROSA Y JAZMIN X 125 ML;500,00;3.0000;0,00
SAL REFISAL x 500 GR;500,00;18.0000;420,00
SAL REFISAL X 1000 GR;950,00;7.0000;0,00
AGOGÓ TRONADOR CEREZA X 2 GR;100,00;55.0000;0,00
BLANQ EL INDIO X 750 ML;750,00;5.0000;0,00
BLANQUEADOR  EL INDIO X 1800 ML;1800,00;0.0000;0,00
TOSTADAS  BIMBO;2900,00;1.0000;0,00
TOST MANT BIMBO X 150 GR;1700,00;3.0000;1412,00
PAN TAJADO INTEGRAL MAMA INES AVENA/PASAS Y NUECES X 500 GR;4450,00;0.0000;3708,00
MOGOLLAS INTEGRALES MAMA INES X 320GR;3800,00;0.0000;3200,00
PAN ALIÑ TAJ MAMA INES X 640 GR;2900,00;1.0000;2455,00
PANECITOS MAMA INES X 300 GR;2800,00;1.0000;2332,00
GOLOSIA DE AREQ MAMA INES X 45 GR;550,00;4.0000;459,00
GALLETA CHUSQUITA;1200,00;10.0000;996,00
PAN BCO TAJ MAMA INES X 420 GR;2200,00;0.0000;1833,00
ROMANITOS MAMA INES X 130GR;1750,00;6.0000;0,00
TOSTADA BLANCA MAMA INES X 120GR;1250,00;14.0000;1083,00
TOST INTE MAMA INES X 120 GR;1400,00;8.0000;0,00
PAN LECHE BIMBO X 65 GR;500,00;6.0000;333,00
TOST INTEGR BIMBO X 150 GR;1900,00;2.0000;0,00
MINI CROISSANT;4000,00;1.0000;3562,00
PINGÚÍNOS MARISELA X 80 GR;1500,00;1.0000;1241,00
PASTELITO PIPIOLO MARINELA MORA X 37GR;600,00;0.0000;414,00
PONQUE CHOCOSO BIMBO;900,00;5.0000;709,00
SUBMARINO MARINELA FRESA X 30GR;500,00;0.0000;414,00
PEKITAS CHOCOLATE;600,00;0.0000;496,00
PAN TAJADO MANTEQ MAMA INES 420GR;2600,00;2.0000;0,00
SUBMARINO MARINELA MORA X 30GR;500,00;0.0000;414,00
PONQ CASERO BIMBO VAIN X 230 GR;2200,00;1.0000;1833,00
PANQUE VAINILLA BIMBO X 60 GR;900,00;1.0000;716,00
PAN TAJADO BLANCO X 350GR;2200,00;0.0000;1916,00
 TORTILLA BIMBO TRADICIONAL M X 240 GR;4000,00;1.0000;3331,00
PAN ARTESANO BIMBO X 500 GR;3900,00;1.0000;3233,00
COMBO FAMILIAR MAMA INES;4950,00;1.0000;4500,00
CERA MOLDEADORA WOW X 100 GR;3200,00;2.0000;0,00
FRIJOL BLANQUILLO ABURRA ;2650,00;4.0000;0,00
GARBANZO ABURRA ;2350,00;0.0000;2321,00
LENTEJA ABURRA ;2000,00;8.0000;1752,00
FRIJOL LIMA ABURRA ;2700,00;0.0000;0,00
FRIJOL CARGTO. ROJO ABURRA ;4800,00;2.0000;4120,00
FRIJOL CARGTO. BLANCO ABURRA ;5500,00;3.0000;4790,00
ARVEJA ABURRA ;1700,00;4.0000;0,00
MAZAMORRA ABURRA X 500 GR;1100,00;2.0000;943,00
GRANOLA ABURRA ;4400,00;2.0000;0,00
ALIM AVES ABURRA PAQ;1100,00;1.0000;0,00
MIXTURA ABURRA ;1300,00;6.0000;0,00
LINAZA ENTERA ABURRA  ;2700,00;2.0000;0,00
LINAZA MOLIDA ABURRA  ;2900,00;2.0000;0,00
UVA PASAS RAISINS ABURRA;2250,00;2.0000;1850,00
CIRUELA SIN SEMILLA ABURRA ;4100,00;0.0000;3400,00
ATUN MACARELA LOMO FINO ABURRA X170 GR;3500,00;60.0000;0,00
SARDINA CILINDRICA ABURRA ;1850,00;7.0000;1548,00
PAPAS FRIT ABURRA NAT X 25 GR;550,00;12.0000;457,00
PAPAS FRITAS ABURRA LIMON X 25 GR;550,00;15.0000;457,00
ARVEJA CON ZANAHORA ABURRA ;2100,00;2.0000;0,00
ARVEJA ZANAHORIA ABURRA ;3350,00;2.0000;0,00
FRIJ ANTIOQ ENLATAD ABURRA X 320 GR;2850,00;2.0000;2381,00
FRIJOL ANT. ABURRA ;4000,00;2.0000;3387,00
LENTEJAS CON PAPA ABURRA X 310 GR;2500,00;1.0000;0,00
MAIZ TIERNO ENLAT ABURRA 185GR;2200,00;3.0000;0,00
SALSA BBQ ABURRA X 180 GR;2000,00;5.0000;0,00
SALSA DE SOYA ABURRA X 165 ML;2000,00;5.0000;0,00
SALSA DE AJO ABURRA X 165 ML;2100,00;1.0000;0,00
ESENCIA CON SABOR A VAINILLA ABURRA X 165 CC;1900,00;2.0000;0,00
PANELA SAN JOAQUIN X 960 GR;3000,00;27.0000;2500,00
PALILLOS EL SOL X 180 UN;500,00;10.0000;381,00
AREPA DE CHOCOLO SONSONEÑA 4 UN X 400 GR;2300,00;1.0000;2000,00
INSECT JOTANOVO RASTREROS 500ML;5500,00;3.0000;0,00
EMULSION SCOTT NARANJA ;7800,00;1.0000;0,00
PAÑAL PEQUEÑIN X UN ETAPA 2;500,00;36.0000;0,00
PAÑAL PEQUEÑIN X UN ETAPA 3;600,00;61.0000;0,00
PAÑAL PEQUEÑIN X UN ETAPA 4;800,00;15.0000;0,00
TISANA BAMBY TORONJIL X 20 UN X 15 GR;1200,00;3.0000;800,00
TISANA  BAMBY LIMONCILLO 20UN X15GR;1200,00;5.0000;800,00
TISANA BAMBY MANZANILLA X 0.53 OZ X 20 UN;1200,00;4.0000;800,00
TISANAS BAMBY ALBAHACA 20 UN X 15GR;1200,00;4.0000;800,00
TISANA BAMBY TORONJIL  X 20 UN X 15 GR;1200,00;4.0000;800,00
TISANA YERBABUENA BAMBY 20UN;1200,00;3.0000;800,00
PAN DELFIN NATIPAN;900,00;0.0000;750,00
PAN DE YUCA NATIPAN X 80 GR;2500,00;0.0000;0,00
GALLETA CUCA NATIPAN X 170 GR;900,00;1.0000;750,00
PAN TAJADO NATIPAN;2300,00;3.0000;1900,00
TOSTADAS NATIPAN 10 UN;1700,00;2.0000;1387,00
PAQ SURT PANADERIA NATIPAN X 1140 GR;4400,00;1.0000;3900,00
CIPACAN CROQUETAS POLLO;2000,00;0.0000;1650,00
CIPACAN CROQUETAS CARNE/ V.;2000,00;1.0000;1600,00
SERV. ELITE PRACTIC. DOB.;1900,00;6.0000;0,00
PAPEL HIGIENICO ELITE MEGA ROLLO X 1 UN;1000,00;14.0000;800,00
PAPEL HIG ELITE EXT REN PAG 20 LLEVE 24;9400,00;0.0000;8388,00
PAPEL HIGIENICO ELITE TRIPLE HOJA X 1 UN;1500,00;13.0000;0,00
OFERTA PAPEL ELITE SUPER ROLLO X 6 UN;4100,00;10.0000;0,00
CAFE AROMA SOLUBLE LUKER x 50GR;3600,00;2.0000;3145,00
CAFE AROMA GRANULADO LUKER X 50GR;3600,00;1.0000;3145,00
CAFE AROMA GRANULADO LUKER X 85GR;6200,00;0.0000;0,00
CAFE BUENDIA LIOFILIZADO ;4850,00;2.0000;3992,00
CAFE BUEN DIA LIOFILISADO ;7800,00;2.0000;6434,00
CAFE BUEN DIA LIOFILIZADO ;12900,00;1.0000;11156,00
CAFE BUEN DIA CLASICO X 10 GR;750,00;14.0000;638,00
PEDIGREE VITAL PROTECTION CACHORRO X 1000 GR ;7950,00;1.0000;6911,00
ALIMENTO PERROS PEDIGREE VITAL CACHORROS X 2000 GR;14500,00;1.0000;13109,00
ALIMENTO PERROS PEDIGREE VITAL CACHORROS X 500 GR ;4000,00;3.0000;0,00
CUIDO PEDIGREE VITAL ADULTO X 500 GR;4000,00;4.0000;3268,00
CUIDO PEDIGREE VITAL ADULTO R/P X 500 GR;4100,00;0.0000;3358,00
CUAJADA 500GR LACTEOS BRETANIA;5500,00;0.0000;4800,00
LECHE CONDE CODELAC X 50 GR;1000,00;11.0000;808,00
FRIJOL CARGTO. BLANCO EL TRECE ;5500,00;0.0000;4774,00
FRIJOL CARGTO. ROJO EL TRECE ;4850,00;0.0000;4114,00
CLARO BOLSA EL TRECE;700,00;3.0000;0,00
PIÑA EN TROCITOS CONDITODO X 250 GR;2700,00;3.0000;0,00
PIÑA EN TROZOS CONDITODO X 520 GR;3750,00;2.0000;0,00
ALPISTE EL TRECE;1600,00;3.0000;0,00
ALPISTE EL TRECE ;1700,00;1.0000;1474,00
MAIZ PIRA EL TRECE ;1400,00;6.0000;116,00
HARINA DE TRIGO LA NIEVE;850,00;6.0000;717,00
GUANTES DOMESTICOS RUBBERWORLD TALLA 9-9 1/2 X 1 UN;2800,00;5.0000;0,00
GEL ANTIBAC. BIOESSENCE;2400,00;3.0000;0,00
BIG COLA NO RET 1000 ML;1300,00;9.0000;0,00
BIG COLA MANZ NO RET 1000 ML;1300,00;1.0000;0,00
GASEOS BIG COLA 400ML;800,00;4.0000;0,00
GASEOS BIG COLA MANZANA 400ML;800,00;0.0000;0,00
GASEOSA BIG COLA LIMA LIMON X 400 ML ;800,00;2.0000;0,00
ENERGI VOLT;1500,00;0.0000;900,00
SALCHICHON EL CORDOBES X 125 GR ;11400,00;1.0000;0,00
BUTIFARRA EL CORDOBES X 500GR;4250,00;2.0000;3681,00
CHORIZO AHUMADO EL CORDOBES X 2 UN;1700,00;4.0000;1465,00
CRISPETAS PARA MICROONDAS QUESO CHEDDAR X 100 GR;2850,00;1.0000;0,00
CRISPETAS MICROND PALNET POP NATU X 85 GR;1950,00;1.0000;1501,00
PILAS TRONEX D X 2 UN;2900,00;7.0000;0,00
BAT AA TRONEX ALKALINE X2;2400,00;1.0000;0,00
BAT AAA TRONEX ALKALINE X2;2400,00;5.0000;0,00
PILAS TRONEX C X 2 UN;2900,00;4.0000;0,00
BOMBILLO ESPIRAL SANTA BLANCA 15 W X 1 UN;6550,00;10.0000;5454,00
JABO MASCO PULVEX INSECTICIDA X 90 GR;6300,00;0.0000;5252,00
JABÓN DESODORANTE PULVEX X 90GR;6150,00;1.0000;5114,00
AREPA CHOCOLO EL CARRIEL 5 UN X 330 GR;1500,00;0.0000;0,00
AREPAS EL CARRIEL  CON MGRN Y SAL X 500GR;1500,00;0.0000;0,00
SUAVIZANTE VICTORY X 1000ML;3150,00;1.0000;2623,00
DETERGENTE LIQUIDO ROPA COLOR VICTORY X 1000 ML;3700,00;1.0000;0,00
POLVO DECOLORANTE DUST FREE X 10 GR;1600,00;13.0000;0,00
TRATA CAPI KERATINA DUVY CLASS X 30 ML;1000,00;10.0000;0,00
GEL FIJ N17 SOB;800,00;4.0000;573,00
LIMP VIDRIOS MAXO OFERT ESPECIAL 1600ML;9600,00;2.0000;0,00
GOMAS DE MASCAR SPLOT X 100 UN  X 450 GR;4100,00;1.0000;0,00
GEL CAPILAR BACHUE X 90 GR ;800,00;8.0000;0,00
EMBRION DE PATO BACHUE X 100 GR;2100,00;5.0000;0,00
CERA CAPI BACHUE X 20 GR;600,00;27.0000;0,00
ROSQUITAS CASERITAS X 50 GR;1300,00;3.0000;1150,00
ARROZ ORQUIDEA X 500GR;1750,00;1.0000;1600,00
NATILLA TRADICIONAL MEZCLAS EXPRESS X 1000 GR;3300,00;1.0000;0,00
QUESO COSTEÑO LAC. COLONIAL 500 GR;5750,00;1.0000;4500,00
QUESO TIPO MOZARELLA COLONIAL X 180 GR;2200,00;2.0000;1900,00
QUESO TIPO MOZARELLA COLONIAL X 360 GR;4400,00;2.0000;3800,00
SPAGUETTI COMARRICO X 250 GR;850,00;4.0000;0,00
CARACOL COMARRICO;850,00;3.0000;0,00
TORNILLOS COMARRICO X 250 GR;850,00;3.0000;0,00
CODITOS COMARRICO;850,00;1.0000;0,00
ARGOLLITAS OJO DE PERDIZ COMARICO X 250 GR;850,00;2.0000;0,00
PASTAS COMARRICO LETRAS X 250 GR;850,00;1.0000;0,00
PASTAS CONCHITAS COMARRICO X 250 GR;850,00;3.0000;0,00
YOGURT ALQUERIA NIÑOS FRESA X 140 GR;1350,00;2.0000;1112,00
POSTRE M&M´S NUTRIDAY X 101GR;1500,00;0.0000;1179,00
DANUP DANONE HOJUEL AZUC 170GR;1500,00;0.0000;1271,00
YOGURT + BOLIT CHOCO DAN UP X 170 GR;1500,00;0.0000;1271,00
ACTIVIA PITAYA VASO ;1200,00;3.0000;958,00
PAP. ALUMINIO GOLDEN WRAP;1500,00;6.0000;0,00
SALCHICHA COMUN X 250 GR;2300,00;2.0000;0,00
MORTADELA FAIZAN X 250 GR;2200,00;3.0000;1858,00
SALCHICHON CERV FAIZAN X 500 GR;3150,00;2.0000;2750,00
SALCHICHON CERV FAIZAN X 1500 GR;8100,00;1.0000;0,00
JAMON AHUMADO FAIZAN X 250 GR;3200,00;1.0000;2750,00
DETER. POLVO SUPERIOR X 1000 GR;4000,00;1.0000;0,00
AGUA ALOE VERA ORIG. TAMESIS;3500,00;5.0000;2700,00
ENJUAGUES BUCAL MISTERMINT YERBABUENA   X 60 ML ;2100,00;0.0000;0,00
AGUA CON ALOE VERA TAMESIS MANGO X 500 ML;3500,00;0.0000;2700,00
MIEL DONA DONI X 518 GR;3500,00;1.0000;0,00
ALMOJABANA QUESO & QUESOS X 180 GR;3900,00;0.0000;2500,00
AZUCAR DIMARCA ;1100,00;25.0000;1000,00
GALL INTEGRAL;400,00;10.0000;294,00
BIG COLA MANZ NO RET 1700 ML;2000,00;0.0000;1656,00
GASEOS BIG COLA 1700ML;2000,00;8.0000;0,00
ACEITE FINO LIGHT X 1800ML;12400,00;0.0000;0,00
ACEITE FINO LIGHT X 1 LT;7200,00;1.0000;0,00
LIMP.MR MUSCULO ANT NAR. RTO ;4700,00;2.0000;0,00
SH. CERAMIDAS SEDAL;6200,00;1.0000;0,00
SHAMPOO SEDAL DUO;9800,00;3.0000;0,00
ACOND. SEDAL SOS CERAM. ;5900,00;1.0000;0,00
SH. SEDAL NEGROS LUMINOS;9200,00;1.0000;0,00
DESOD. DOVE AER ORIG. ;9800,00;1.0000;0,00
ACOND. SEDAL RIZOS OBED ;5900,00;1.0000;0,00
ACOND SEDAL LISO PERFECTO;5900,00;1.0000;0,00
DESODORANTE AXE APOLLO X 160 ML;9500,00;0.0000;0,00
DESOD. AXE AER EXCITE ;9200,00;0.0000;7662,00
TALCO REXONA X 100 GR;5750,00;2.0000;0,00
DES. REXONA AER COTTON;9500,00;2.0000;0,00
DESOD. REXONA AERO BAMBOO ;9600,00;0.0000;0,00
DESOD. EFICIENT AER. ;7000,00;2.0000;0,00
DESOD REX. AER V8 ;9000,00;1.0000;0,00
DESOD. REX. CRYSTAL AERO ;9500,00;1.0000;0,00
DESOD. DOVE AER DERM ACLAR ;13000,00;2.0000;0,00
BOCADITOS DE CARNE CON SALSA CACHORROS PEDIGREE X 85 GR;2000,00;2.0000;0,00
ALIMN PERRO PEDIGREE RAZAS PEQ SAB CARNE X 100 GR;2000,00;1.0000;0,00
TROCITOS CON CARNE DE POLLO PEDIGREE ADULTOS RAZAS PQ X 100 GR;2000,00;2.0000;0,00
DETERGENTE EN POLVO PURO ROSAS Y LILAS X 900 GR;5200,00;2.0000;4342,00
DETERGENTE EN POLVO PURO HORTENCIAS Y FLORES BLANCAS X 900 GR;5200,00;2.0000;4347,00
DET POLVO PURO HORT BCAS X 225 GR;1750,00;5.0000;1435,00
DULCE A GOGO ACILIQUIDO X13.6 GR;200,00;0.0000;0,00
CHICLE AGOGO MARACUYA MANGO X 10.3 GR;200,00;5.0000;160,00
LAVA VERDE;3750,00;0.0000;3112,00
LAVA ROSADO;3750,00;0.0000;3112,00
LAVA VERDE;2000,00;2.0000;0,00
LAVA ROSADO;2000,00;1.0000;0,00
SARDINA LOBO DE MAR OVALADA X 280 GR;2850,00;4.0000;2375,00
ATUN LA ESPAÑOLA;2850,00;8.0000;2375,00
SARDINA EN SALSA DE TOMAE LA ESPAÑOLA X  425 GR;2800,00;0.0000;0,00
SHAMPOO JHONSON Y JHONSON;7300,00;1.0000;0,00
SH JOHNSONS BABY CABELL CLARO 100ML;4800,00;1.0000;0,00
SH. JHONSON & JHONSON MANZANILLA BABY;13000,00;2.0000;0,00
TALCO BABY JOHNSON  ;6850,00;1.0000;0,00
CREMA DENTAL JHONSON & JHONSON REACH MENTA;8250,00;0.0000;6874,00
COPITOS COTONETES JOHNSON & JOHNSON X75 UN;4000,00;0.0000;0,00
LISTERINE MINI COOL MINT ;2100,00;5.0000;1885,00
CREMA D. SENSITIVE PRO  COLGATE;7000,00;0.0000;0,00
CREMA PARA PEINAR DOVE RECONSTRUCCION COMPLETAX 200 ML;7800,00;2.0000;0,00
BOMBILLO AHORRADOR PHILIPS 70W X 1UN;2900,00;1.0000;2329,00
BOMBILLO PHILIPS 110-127 V 23 W;8100,00;3.0000;6725,00
BOMBILLO PHILIPS 120 V;2900,00;6.0000;2300,00
PILA AA ENERGIZER X 10 UN;1500,00;2.0000;0,00
PILA AA ENERGIZER X 1 UN;1500,00;11.0000;0,00
PILAS ENERGIZER AAA X 1 UN;1500,00;18.0000;0,00
TAMPONES KOTEX COLORES X 4 UN;1800,00;4.0000;0,00
